title;year;url;checkedcount;favouritecount;officialtoplistcount;usertoplistcount;akatitle;imdburl;checked;favorite;disliked;watchlist;owned
Up;2009;http://www.icheckmovies.com/movies/up/;93904;7773;14;478;;http://www.imdb.com/title/tt1049413/;"2015-04-20 00:38:31";no;no;no;no
Traffic;2000;http://www.icheckmovies.com/movies/traffic/;20363;788;6;222;;http://www.imdb.com/title/tt0181865/;"2015-04-19 22:04:05";no;no;no;no
"The Godfather: Part II";1974;http://www.icheckmovies.com/movies/the+godfather+part+ii/;57845;6493;28;749;;http://www.imdb.com/title/tt0071562/;"2015-04-12 18:45:51";no;no;no;no
"The Incredibles";2004;http://www.icheckmovies.com/movies/the+incredibles/;94228;4051;10;391;;http://www.imdb.com/title/tt0317705/;"2015-04-10 01:56:04";no;no;no;no
"Big Hero 6";2014;http://www.icheckmovies.com/movies/big+hero+6/;5907;481;5;120;;http://www.imdb.com/title/tt2245084/;"2015-04-02 10:21:30";no;no;no;no
"The Hobbit: The Desolation of Smaug";2013;http://www.icheckmovies.com/movies/the+hobbit+the+desolation+of+smaug/;17270;831;4;231;;http://www.imdb.com/title/tt1170358/;"2015-04-01 22:36:12";no;no;no;no
"Pacific Rim";2013;http://www.icheckmovies.com/movies/pacific+rim/;11929;799;1;180;;http://www.imdb.com/title/tt1663662/;"2015-04-01 09:17:05";no;no;no;no
"Annie Hall";1977;http://www.icheckmovies.com/movies/annie+hall/;31507;3710;29;648;;http://www.imdb.com/title/tt0075686/;"2015-04-01 09:16:58";no;no;no;no
Amadeus;1984;http://www.icheckmovies.com/movies/amadeus/;38144;3317;21;443;;http://www.imdb.com/title/tt0086879/;"2015-03-22 12:22:02";yes;no;no;no
247°F;2011;http://www.icheckmovies.com/movies/247f/;83;0;0;7;;http://www.imdb.com/title/tt1877543/;"2015-03-21 18:12:45";no;no;no;no
"Monsters, Inc.";2001;http://www.icheckmovies.com/movies/monsters+inc./;96168;4783;12;369;;http://www.imdb.com/title/tt0198781/;"2015-03-17 17:17:13";no;no;no;no
"Sen to Chihiro no kamikakushi";2001;http://www.icheckmovies.com/movies/sen+to+chihiro+no+kamikakushi/;50429;7196;30;670;"Spirited Away";http://www.imdb.com/title/tt0245429/;"2015-03-15 14:18:58";no;no;no;no
"Forrest Gump";1994;http://www.icheckmovies.com/movies/forrest+gump/;112858;9830;24;639;;http://www.imdb.com/title/tt0109830/;"2015-03-08 03:37:46";no;no;no;no
Léon;1994;http://www.icheckmovies.com/movies/leon/;56290;6890;18;459;"The Professional";http://www.imdb.com/title/tt0110413/;"2015-03-01 16:06:54";no;no;no;no
"All the President's Men";1976;http://www.icheckmovies.com/movies/all+the+presidents+men/;12780;861;16;321;;http://www.imdb.com/title/tt0074119/;"2015-03-01 10:27:30";no;no;no;no
"Rain Man";1988;http://www.icheckmovies.com/movies/rain+man/;50495;2528;14;322;;http://www.imdb.com/title/tt0095953/;"2015-03-01 10:27:12";no;no;no;no
"The Judge";2014;http://www.icheckmovies.com/movies/the+judge-2014-1/;1541;83;0;55;;http://www.imdb.com/title/tt1872194/;"2015-03-01 10:26:46";no;no;no;no
Magnolia;1999;http://www.icheckmovies.com/movies/magnolia/;31587;3234;16;451;;http://www.imdb.com/title/tt0175880/;"2015-02-27 00:55:44";no;no;no;no
"The Wizard of Oz";1939;http://www.icheckmovies.com/movies/the+wizard+of+oz/;73267;3004;31;580;;http://www.imdb.com/title/tt0032138/;"2015-02-26 01:26:53";no;no;no;no
"Boogie Nights";1997;http://www.icheckmovies.com/movies/boogie+nights/;21696;1862;7;341;;http://www.imdb.com/title/tt0118749/;"2015-02-25 00:50:09";no;no;no;no
"The Return of Jafar";1994;http://www.icheckmovies.com/movies/the+return+of+jafar/;2455;22;0;22;;http://www.imdb.com/title/tt0107952/;"2015-02-24 14:09:12";no;no;no;no
"The Little Mermaid";1989;http://www.icheckmovies.com/movies/the+little+mermaid/;61067;1836;4;194;;http://www.imdb.com/title/tt0097757/;"2015-02-24 14:07:23";no;no;no;no
"Piled Higher and Deeper";2011;http://www.icheckmovies.com/movies/piled+higher+and+deeper/;42;3;0;1;;http://www.imdb.com/title/tt2066040/;"2015-02-21 03:25:54";no;no;no;no
"Inherent Vice";2014;http://www.icheckmovies.com/movies/inherent+vice/;1994;167;2;104;;http://www.imdb.com/title/tt1791528/;"2015-02-18 22:45:13";no;no;no;no
"The Nutty Professor";1996;http://www.icheckmovies.com/movies/the+nutty+professor-1996/;33293;129;2;69;;http://www.imdb.com/title/tt0117218/;"2015-02-18 01:52:05";no;no;no;no
Fargo;1996;http://www.icheckmovies.com/movies/fargo/;51524;5249;25;661;;http://www.imdb.com/title/tt0116282/;"2015-02-18 01:45:01";yes;no;no;no
"A Simple Plan";1998;http://www.icheckmovies.com/movies/a+simple+plan/;2360;161;2;81;;http://www.imdb.com/title/tt0120324/;"2015-02-18 01:27:03";no;no;no;no
"The Artist";2011;http://www.icheckmovies.com/movies/the+artist-2011-1/;22022;1998;9;402;;http://www.imdb.com/title/tt1655442/;"2015-02-17 20:57:59";no;no;no;no
"Still Alice";2014;http://www.icheckmovies.com/movies/still+alice/;1379;76;0;68;;http://www.imdb.com/title/tt3316960/;"2015-02-17 01:03:47";no;no;no;no
"Basic Instinct 2";2006;http://www.icheckmovies.com/movies/basic+instinct+2/;1097;2;0;25;;http://www.imdb.com/title/tt0430912/;"2015-02-16 01:03:27";no;no;no;no
"The Skulls";2000;http://www.icheckmovies.com/movies/the+skulls/;1324;7;0;13;;http://www.imdb.com/title/tt0192614/;"2015-02-16 00:53:59";no;no;no;no
Popeye;1980;http://www.icheckmovies.com/movies/popeye/;2011;28;0;40;;http://www.imdb.com/title/tt0081353/;"2015-02-16 00:31:51";no;no;no;no
W.;2008;http://www.icheckmovies.com/movies/w./;2123;26;0;43;;http://www.imdb.com/title/tt1175491/;"2015-02-16 00:27:42";no;no;no;no
Collateral;2004;http://www.icheckmovies.com/movies/collateral/;28818;1258;3;204;;http://www.imdb.com/title/tt0369339/;"2015-02-16 00:03:43";no;no;no;no
"Seven Years in Tibet";1997;http://www.icheckmovies.com/movies/seven+years+in+tibet/;6118;226;0;48;;http://www.imdb.com/title/tt0120102/;"2015-02-15 13:23:15";no;no;no;no
"Without a Paddle";2004;http://www.icheckmovies.com/movies/without+a+paddle/;2718;50;0;25;;http://www.imdb.com/title/tt0364751/;"2015-02-15 02:06:22";no;no;no;no
"Father of the Bride Part II";1995;http://www.icheckmovies.com/movies/father+of+the+bride+part+ii/;3022;57;0;25;;http://www.imdb.com/title/tt0113041/;"2015-02-15 01:59:18";no;no;no;no
"Mission to Mars";2000;http://www.icheckmovies.com/movies/mission+to+mars/;3140;36;2;40;;http://www.imdb.com/title/tt0183523/;"2015-02-15 01:57:35";no;no;no;no
Bowfinger;1999;http://www.icheckmovies.com/movies/bowfinger/;3204;86;0;31;;http://www.imdb.com/title/tt0131325/;"2015-02-15 01:12:59";no;no;no;no
"Eternal Sunshine of the Spotless Mind";2004;http://www.icheckmovies.com/movies/eternal+sunshine+of+the+spotless+mind/;79140;11408;21;717;;http://www.imdb.com/title/tt0338013/;"2015-02-15 00:29:21";no;no;no;no
Cellular;2004;http://www.icheckmovies.com/movies/cellular/;3473;71;0;31;;http://www.imdb.com/title/tt0337921/;"2015-02-14 19:35:04";no;no;no;no
"Dante's Peak";1997;http://www.icheckmovies.com/movies/dantes+peak/;3684;40;0;28;;http://www.imdb.com/title/tt0118928/;"2015-02-14 19:32:59";no;no;no;no
Sphere;1998;http://www.icheckmovies.com/movies/sphere/;4196;90;0;54;;http://www.imdb.com/title/tt0120184/;"2015-02-14 19:29:46";no;no;no;no
"La pianiste";2001;http://www.icheckmovies.com/movies/la+pianiste/;4442;416;5;151;"The Piano Teacher";http://www.imdb.com/title/tt0254686/;"2015-02-14 19:27:23";no;no;no;no
"The Secret Garden";1993;http://www.icheckmovies.com/movies/the+secret+garden/;4879;277;0;49;;http://www.imdb.com/title/tt0108071/;"2015-02-14 19:24:46";no;no;no;no
"The Texas Chainsaw Massacre";2003;http://www.icheckmovies.com/movies/the+texas+chainsaw+massacre/;5727;91;0;86;;http://www.imdb.com/title/tt0324216/;"2015-02-14 19:21:06";no;no;no;no
"The Bone Collector";1999;http://www.icheckmovies.com/movies/the+bone+collector/;6744;186;0;51;;http://www.imdb.com/title/tt0145681/;"2015-02-14 19:12:50";no;no;no;no
"The Count of Monte Cristo";2002;http://www.icheckmovies.com/movies/the+count+of+monte+cristo-2002/;6835;473;0;60;;http://www.imdb.com/title/tt0245844/;"2015-02-14 19:12:27";no;no;no;no
"Fast Five";2011;http://www.icheckmovies.com/movies/fast+five/;14868;450;1;100;;http://www.imdb.com/title/tt1596343/;"2015-02-14 19:01:00";no;no;no;no
"The Taking of Pelham 1 2 3";2009;http://www.icheckmovies.com/movies/the+taking+of+pelham+1+2+3/;5721;85;0;48;;http://www.imdb.com/title/tt1111422/;"2015-02-14 18:55:03";no;no;no;no
Twilight;2008;http://www.icheckmovies.com/movies/twilight/;42211;506;1;150;;http://www.imdb.com/title/tt1099212/;"2015-02-14 18:42:59";no;no;no;no
"Spider-Man 2";2004;http://www.icheckmovies.com/movies/spider-man+2/;73137;1432;7;285;;http://www.imdb.com/title/tt0316654/;"2015-02-14 18:39:21";no;no;no;no
"Lola rennt";1998;http://www.icheckmovies.com/movies/lola+rennt/;19488;1617;6;238;"Run Lola Run";http://www.imdb.com/title/tt0130827/;"2015-02-14 18:35:09";no;no;no;no
"Evil Dead";2013;http://www.icheckmovies.com/movies/evil+dead/;3757;135;0;103;;http://www.imdb.com/title/tt1288558/;"2015-02-14 18:30:07";no;no;no;no
Trance;2013;http://www.icheckmovies.com/movies/trance-2013-1/;3300;142;0;61;;http://www.imdb.com/title/tt1924429/;"2015-02-14 18:25:37";no;no;no;no
Primer;2004;http://www.icheckmovies.com/movies/primer/;12780;1208;5;179;;http://www.imdb.com/title/tt0390384/;"2015-02-14 18:17:49";no;no;no;no
"In Time";2011;http://www.icheckmovies.com/movies/in+time/;9782;359;0;87;;http://www.imdb.com/title/tt1637688/;"2015-02-14 17:15:06";no;no;no;no
"Don Jon";2013;http://www.icheckmovies.com/movies/don+jon/;6334;208;0;103;;http://www.imdb.com/title/tt2229499/;"2015-02-14 01:58:28";no;no;no;no
Adventureland;2009;http://www.icheckmovies.com/movies/adventureland/;11765;447;1;109;;http://www.imdb.com/title/tt1091722/;"2015-02-14 01:37:59";no;no;no;no
"Deux jours, une nuit";2014;http://www.icheckmovies.com/movies/deux+jours+une+nuit/;1375;138;2;111;;http://www.imdb.com/title/tt2737050/;"2015-02-13 23:27:31";no;no;no;no
"Coyote Ugly";2000;http://www.icheckmovies.com/movies/coyote+ugly/;8417;122;0;35;;http://www.imdb.com/title/tt0200550/;"2015-02-13 23:25:11";no;no;no;no
"Shrek 2";2004;http://www.icheckmovies.com/movies/shrek+2/;72791;1056;4;201;;http://www.imdb.com/title/tt0298148/;"2015-02-13 22:41:10";no;no;no;no
"The Theory of Everything";2014;http://www.icheckmovies.com/movies/the+theory+of+everything-2014-1/;5060;302;1;129;;http://www.imdb.com/title/tt2980516/;"2015-02-11 00:40:04";no;no;no;no
Foxcatcher;2014;http://www.icheckmovies.com/movies/foxcatcher/;2865;106;1;117;;http://www.imdb.com/title/tt1100089/;"2015-02-10 01:09:12";no;no;no;no
"Open Water";2003;http://www.icheckmovies.com/movies/open+water/;2307;31;0;49;;http://www.imdb.com/title/tt0374102/;"2015-02-09 15:27:14";no;no;no;no
"House of Wax";2005;http://www.icheckmovies.com/movies/house+of+wax-2005-1/;5362;48;0;64;;http://www.imdb.com/title/tt0397065/;"2015-02-09 15:26:07";no;no;no;no
"Saw III";2006;http://www.icheckmovies.com/movies/saw+iii/;10116;145;0;90;;http://www.imdb.com/title/tt0489270/;"2015-02-09 15:25:50";no;no;no;no
"World War Z";2013;http://www.icheckmovies.com/movies/world+war+z/;12274;339;1;175;;http://www.imdb.com/title/tt0816711/;"2015-02-09 15:24:34";no;no;no;no
"Joy Ride";2001;http://www.icheckmovies.com/movies/joy+ride/;2063;50;0;37;;http://www.imdb.com/title/tt0206314/;"2015-02-09 15:22:35";no;no;no;no
"Hostel: Part II";2007;http://www.icheckmovies.com/movies/hostel+part+ii/;3834;52;0;64;;http://www.imdb.com/title/tt0498353/;"2015-02-09 15:21:59";no;no;no;no
"The Poughkeepsie Tapes";2007;http://www.icheckmovies.com/movies/the+poughkeepsie+tapes/;460;14;0;31;;http://www.imdb.com/title/tt1010271/;"2015-02-09 15:21:19";no;no;no;no
Disturbia;2007;http://www.icheckmovies.com/movies/disturbia/;11194;345;0;73;;http://www.imdb.com/title/tt0486822/;"2015-02-09 15:19:58";no;no;no;no
"Final Destination 2";2003;http://www.icheckmovies.com/movies/final+destination+2/;8894;103;0;74;;http://www.imdb.com/title/tt0309593/;"2015-02-09 15:18:50";no;no;no;no
"I Still Know What You Did Last Summer";1998;http://www.icheckmovies.com/movies/i+still+know+what+you+did+last+summer/;4352;30;0;44;;http://www.imdb.com/title/tt0130018/;"2015-02-09 15:16:16";no;no;no;no
Sinister;2012;http://www.icheckmovies.com/movies/sinister-2012/;3960;153;0;104;;http://www.imdb.com/title/tt1922777/;"2015-02-09 15:15:50";no;no;no;no
"Stir of Echoes";1999;http://www.icheckmovies.com/movies/stir+of+echoes/;4086;117;1;69;;http://www.imdb.com/title/tt0164181/;"2015-02-09 15:14:32";no;no;no;no
"The Mist";2007;http://www.icheckmovies.com/movies/the+mist/;16174;807;1;177;;http://www.imdb.com/title/tt0884328/;"2015-02-09 15:11:07";no;no;no;no
Frozen;2010;http://www.icheckmovies.com/movies/frozen/;2686;81;0;63;;http://www.imdb.com/title/tt1323045/;"2015-02-09 14:30:21";no;no;no;no
Selma;2014;http://www.icheckmovies.com/movies/selma-2014-1/;1956;101;2;103;;http://www.imdb.com/title/tt1020072/;"2015-02-08 09:46:02";no;no;no;no
"22 Jump Street";2014;http://www.icheckmovies.com/movies/22+jump+street/;6556;294;1;89;;http://www.imdb.com/title/tt2294449/;"2015-02-06 01:25:41";no;no;no;no
Nightcrawler;2014;http://www.icheckmovies.com/movies/nightcrawler/;6434;700;3;170;;http://www.imdb.com/title/tt2872718/;"2015-02-05 23:03:57";no;no;no;no
"Birdman or (The Unexpected Virtue of Ignorance)";2014;http://www.icheckmovies.com/movies/birdman+or+the+unexpected+virtue+of+ignorance/;9384;1230;6;252;;http://www.imdb.com/title/tt2562232/;"2015-02-05 01:40:07";no;no;no;no
"Not Another Teen Movie";2001;http://www.icheckmovies.com/movies/not+another+teen+movie/;7996;105;0;39;;http://www.imdb.com/title/tt0277371/;"2015-02-04 18:47:29";no;no;no;no
"Mickey Blue Eyes";1999;http://www.icheckmovies.com/movies/mickey+blue+eyes/;2273;28;1;16;;http://www.imdb.com/title/tt0130121/;"2015-02-04 18:46:25";no;no;no;no
"Jackass Number Two";2006;http://www.icheckmovies.com/movies/jackass+number+two/;7857;147;0;54;;http://www.imdb.com/title/tt0493430/;"2015-02-04 17:36:05";no;no;no;no
Flightplan;2005;http://www.icheckmovies.com/movies/flightplan/;19372;184;1;49;;http://www.imdb.com/title/tt0408790/;"2015-02-04 17:33:01";no;no;no;no
Evolution;2001;http://www.icheckmovies.com/movies/evolution/;6097;134;0;39;;http://www.imdb.com/title/tt0251075/;"2015-02-04 17:32:26";no;no;no;no
Defiance;2008;http://www.icheckmovies.com/movies/defiance/;4275;164;0;65;;http://www.imdb.com/title/tt1034303/;"2015-02-04 17:31:50";no;no;no;no
"The Butterfly Effect";2004;http://www.icheckmovies.com/movies/the+butterfly+effect/;35236;2151;1;172;;http://www.imdb.com/title/tt0289879/;"2015-02-04 17:30:58";no;no;no;no
"The Vow";2012;http://www.icheckmovies.com/movies/the+vow-2012/;4772;159;0;73;;http://www.imdb.com/title/tt1606389/;"2015-02-04 17:23:19";no;no;no;no
Armageddon;1998;http://www.icheckmovies.com/movies/armageddon/;48580;994;3;150;;http://www.imdb.com/title/tt0120591/;"2015-02-04 17:18:12";no;no;no;no
"The Armstrong Lie";2013;http://www.icheckmovies.com/movies/the+armstrong+lie/;275;5;0;16;;http://www.imdb.com/title/tt1638364/;"2015-02-04 10:52:15";no;no;no;no
"Along Came a Spider";2001;http://www.icheckmovies.com/movies/along+came+a+spider/;2467;36;0;21;;http://www.imdb.com/title/tt0164334/;"2015-02-04 09:24:19";no;no;no;no
"40 Days and 40 Nights";2002;http://www.icheckmovies.com/movies/40+days+and+40+nights/;5438;47;0;23;;http://www.imdb.com/title/tt0243736/;"2015-02-04 09:16:44";no;no;no;no
"The Manchurian Candidate";2004;http://www.icheckmovies.com/movies/the+manchurian+candidate-2004-1/;3479;50;0;53;;http://www.imdb.com/title/tt0368008/;"2015-02-04 09:16:03";no;no;no;no
Arachnophobia;1990;http://www.icheckmovies.com/movies/arachnophobia/;3461;59;0;59;;http://www.imdb.com/title/tt0099052/;"2015-02-04 09:10:14";no;no;no;no
"D2: The Mighty Ducks";1994;http://www.icheckmovies.com/movies/d2+the+mighty+ducks/;3607;70;0;31;"The Mighty Ducks 2";http://www.imdb.com/title/tt0109520/;"2015-02-04 09:04:31";no;no;no;no
"Final Destination 3";2006;http://www.icheckmovies.com/movies/final+destination+3/;7487;72;0;71;;http://www.imdb.com/title/tt0414982/;"2015-02-04 09:04:02";no;no;no;no
Outbreak;1995;http://www.icheckmovies.com/movies/outbreak/;3853;76;0;53;;http://www.imdb.com/title/tt0114069/;"2015-02-04 03:13:57";no;no;no;no
"The Hangover Part III";2013;http://www.icheckmovies.com/movies/the+hangover+part+iii/;7670;81;1;89;;http://www.imdb.com/title/tt1951261/;"2015-02-04 03:13:30";no;no;no;no
"One Fine Day";1996;http://www.icheckmovies.com/movies/one+fine+day/;2152;83;0;24;;http://www.imdb.com/title/tt0117247/;"2015-02-04 03:11:47";no;no;no;no
"Paranormal Activity 2";2010;http://www.icheckmovies.com/movies/paranormal+activity+2/;6843;87;0;89;;http://www.imdb.com/title/tt1536044/;"2015-02-04 03:10:44";no;no;no;no
Wimbledon;2004;http://www.icheckmovies.com/movies/wimbledon/;4351;91;0;33;;http://www.imdb.com/title/tt0360201/;"2015-02-04 03:10:03";no;no;no;no
"Babe: Pig in the City";1998;http://www.icheckmovies.com/movies/babe+pig+in+the+city/;13229;92;1;50;;http://www.imdb.com/title/tt0120595/;"2015-02-04 03:08:57";no;no;no;no
"Queen of the Damned";2002;http://www.icheckmovies.com/movies/queen+of+the+damned/;2811;92;0;39;;http://www.imdb.com/title/tt0238546/;"2015-02-04 03:08:28";no;no;no;no
"Journey to the Center of the Earth";2008;http://www.icheckmovies.com/movies/journey+to+the+center+of+the+earth/;14544;107;1;45;;http://www.imdb.com/title/tt0373051/;"2015-02-04 03:04:42";no;no;no;no
"Oz the Great and Powerful";2013;http://www.icheckmovies.com/movies/oz+the+great+and+powerful/;7386;127;1;110;;http://www.imdb.com/title/tt1623205/;"2015-02-04 03:01:30";no;no;no;no
"Alien: Resurrection";1997;http://www.icheckmovies.com/movies/alien+resurrection/;7693;127;0;109;"Alien 4";http://www.imdb.com/title/tt0118583/;"2015-02-04 03:00:52";no;no;no;no
"Romy and Michele's High School Reunion";1997;http://www.icheckmovies.com/movies/romy+and+micheles+high+school+reunion/;3467;149;0;37;;http://www.imdb.com/title/tt0120032/;"2015-02-04 02:57:41";no;no;no;no
"Body of Lies";2008;http://www.icheckmovies.com/movies/body+of+lies/;6337;159;0;69;;http://www.imdb.com/title/tt0758774/;"2015-02-04 02:56:09";no;no;no;no
"Born on the Fourth of July";1989;http://www.icheckmovies.com/movies/born+on+the+fourth+of+july/;7108;170;4;135;;http://www.imdb.com/title/tt0096969/;"2015-02-04 02:55:00";no;no;no;no
"Les demoiselles de Rochefort";1967;http://www.icheckmovies.com/movies/les+demoiselles+de+rochefort/;1389;181;8;129;"The Young Girls of Rochefort";http://www.imdb.com/title/tt0062873/;"2015-02-04 02:53:37";no;no;no;no
"Logan's Run";1976;http://www.icheckmovies.com/movies/logans+run/;4404;196;3;95;;http://www.imdb.com/title/tt0074812/;"2015-02-04 02:52:42";no;no;no;no
"The Fast and the Furious: Tokyo Drift";2006;http://www.icheckmovies.com/movies/the+fast+and+the+furious+tokyo+drift/;9763;194;0;76;;http://www.imdb.com/title/tt0463985/;"2015-02-04 02:52:13";no;no;no;no
"The Dictator";2012;http://www.icheckmovies.com/movies/the+dictator-2012/;8838;215;0;97;;http://www.imdb.com/title/tt1645170/;"2015-02-04 02:50:24";no;no;no;no
"Nineteen Eighty-Four";1984;http://www.icheckmovies.com/movies/nineteen+eighty-four/;4182;225;1;92;;http://www.imdb.com/title/tt0087803/;"2015-02-04 02:49:10";no;no;no;no
"Super Size Me";2004;http://www.icheckmovies.com/movies/super+size+me/;12961;276;0;82;;http://www.imdb.com/title/tt0390521/;"2015-02-04 02:45:49";no;no;no;no
Insidious;2010;http://www.icheckmovies.com/movies/insidious/;8418;316;0;135;;http://www.imdb.com/title/tt1591095/;"2015-02-04 02:44:09";no;no;no;no
"The Ides of March";2011;http://www.icheckmovies.com/movies/the+ides+of+march/;8970;310;0;140;;http://www.imdb.com/title/tt1124035/;"2015-02-04 02:43:08";no;no;no;no
2012;2009;http://www.icheckmovies.com/movies/2012/;35174;321;1;115;;http://www.imdb.com/title/tt1190080/;"2015-02-04 02:42:32";no;no;no;no
"Escape from Alcatraz";1979;http://www.icheckmovies.com/movies/escape+from+alcatraz/;6776;323;0;108;;http://www.imdb.com/title/tt0079116/;"2015-02-04 02:42:23";no;no;no;no
1408;2007;http://www.icheckmovies.com/movies/1408/;10411;332;0;106;;http://www.imdb.com/title/tt0450385/;"2015-02-04 02:41:42";no;no;no;no
"House of 1000 Corpses";2003;http://www.icheckmovies.com/movies/house+of+1000+corpses/;6543;251;1;98;;http://www.imdb.com/title/tt0251736/;"2015-02-04 02:39:12";no;no;no;no
"The Player";1992;http://www.icheckmovies.com/movies/the+player/;5211;373;9;214;;http://www.imdb.com/title/tt0105151/;"2015-02-04 02:38:26";no;no;no;no
"Michael Clayton";2007;http://www.icheckmovies.com/movies/michael+clayton/;10241;425;2;126;;http://www.imdb.com/title/tt0465538/;"2015-02-04 02:36:57";no;no;no;no
"Gosford Park";2001;http://www.icheckmovies.com/movies/gosford+park/;8580;489;5;152;;http://www.imdb.com/title/tt0280707/;"2015-02-04 02:33:23";no;no;no;no
"The Abyss";1989;http://www.icheckmovies.com/movies/the+abyss/;11714;621;1;125;;http://www.imdb.com/title/tt0096754/;"2015-02-04 02:29:16";no;no;no;no
Philadelphia;1993;http://www.icheckmovies.com/movies/philadelphia/;22223;877;3;193;;http://www.imdb.com/title/tt0107818/;"2015-02-04 01:54:16";no;no;no;no
"Devil's Advocate";1997;http://www.icheckmovies.com/movies/devils+advocate-1997/;16973;893;1;102;;http://www.imdb.com/title/tt0118971/;"2015-02-04 01:53:01";no;no;no;no
"A Beautiful Mind";2001;http://www.icheckmovies.com/movies/a+beautiful+mind/;60905;4159;11;322;;http://www.imdb.com/title/tt0268978/;"2015-02-04 01:41:30";no;no;no;no
Quills;2000;http://www.icheckmovies.com/movies/quills/;3323;206;2;62;;http://www.imdb.com/title/tt0180073/;"2015-02-04 01:38:41";no;no;no;no
"Straw Dogs";1971;http://www.icheckmovies.com/movies/straw+dogs/;6430;496;8;227;;http://www.imdb.com/title/tt0067800/;"2015-02-03 01:39:36";yes;no;no;no
"American Sniper";2014;http://www.icheckmovies.com/movies/american+sniper/;3655;98;2;112;;http://www.imdb.com/title/tt2179136/;"2015-02-02 23:26:05";no;no;no;no
"Ex Machina";2015;http://www.icheckmovies.com/movies/ex+machina/;281;32;0;14;;http://www.imdb.com/title/tt0470752/;"2015-02-01 01:42:42";no;no;no;no
"The Graduate";1967;http://www.icheckmovies.com/movies/the+graduate/;35848;2964;25;535;;http://www.imdb.com/title/tt0061722/;"2015-01-30 13:26:46";no;no;no;no
"Romeo + Juliet";1996;http://www.icheckmovies.com/movies/romeo+plus+juliet/;31933;1364;4;170;"Romeo and Juliet";http://www.imdb.com/title/tt0117509/;"2015-01-30 01:00:17";no;no;no;no
"Men of Honor";2000;http://www.icheckmovies.com/movies/men+of+honor/;3827;155;0;35;"Men of Honour";http://www.imdb.com/title/tt0203019/;"2015-01-29 22:58:42";no;no;no;no
"12 Years a Slave";2013;http://www.icheckmovies.com/movies/12+years+a+slave/;15829;1187;12;362;;http://www.imdb.com/title/tt2024544/;"2015-01-29 22:52:47";no;no;no;no
Whiplash;2014;http://www.icheckmovies.com/movies/whiplash-2014-1/;8050;1352;9;256;;http://www.imdb.com/title/tt2582802/;"2015-01-29 01:30:30";no;no;no;no
Catfish;2010;http://www.icheckmovies.com/movies/catfish/;4531;239;0;65;;http://www.imdb.com/title/tt1584016/;"2015-01-26 17:01:51";no;no;no;no
"Crimson Tide";1995;http://www.icheckmovies.com/movies/crimson+tide/;2908;108;0;60;;http://www.imdb.com/title/tt0112740/;"2015-01-24 01:52:29";no;no;no;no
"The Talented Mr. Ripley";1999;http://www.icheckmovies.com/movies/the+talented+mr.+ripley/;10171;580;1;144;;http://www.imdb.com/title/tt0134119/;"2015-01-21 23:03:02";no;no;no;no
"The House of the Devil";2009;http://www.icheckmovies.com/movies/the+house+of+the+devil/;2570;144;2;112;;http://www.imdb.com/title/tt1172994/;"2015-01-21 20:45:11";no;no;no;no
"Million Dollar Baby";2004;http://www.icheckmovies.com/movies/million+dollar+baby/;52045;2580;10;318;;http://www.imdb.com/title/tt0405159/;"2015-01-21 01:30:51";no;no;no;no
Flight;2012;http://www.icheckmovies.com/movies/flight-2012-1/;7229;260;1;135;;http://www.imdb.com/title/tt1907668/;"2015-01-20 22:32:15";no;no;no;no
"Safe House";2012;http://www.icheckmovies.com/movies/safe+house-2012/;5367;77;1;59;;http://www.imdb.com/title/tt1599348/;"2015-01-20 22:31:24";no;no;no;no
"The Grand Budapest Hotel";2014;http://www.icheckmovies.com/movies/the+grand+budapest+hotel/;16463;2215;7;355;;http://www.imdb.com/title/tt2278388/;"2015-01-20 12:40:44";no;no;no;no
"The Dentist";1996;http://www.icheckmovies.com/movies/the+dentist-1996/;443;7;0;29;;http://www.imdb.com/title/tt0116075/;"2015-01-19 22:35:07";no;no;no;no
"Marathon Man";1976;http://www.icheckmovies.com/movies/marathon+man/;4333;226;4;117;;http://www.imdb.com/title/tt0074860/;"2015-01-19 22:34:54";no;no;no;no
Boyhood;2014;http://www.icheckmovies.com/movies/boyhood/;8988;1319;10;287;;http://www.imdb.com/title/tt1065073/;"2015-01-19 22:09:51";no;no;no;no
Kynodontas;2009;http://www.icheckmovies.com/movies/kynodontas/;4251;551;3;175;Dogtooth;http://www.imdb.com/title/tt1379182/;"2015-01-17 01:02:26";no;no;no;no
An...;2012;http://www.icheckmovies.com/movies/an.../;38;3;0;6;"What If...";http://www.imdb.com/title/tt2400283/;"2015-01-17 01:02:04";no;no;no;no
"The Summit";2012;http://www.icheckmovies.com/movies/the+summit-2012-1/;94;5;0;10;;http://www.imdb.com/title/tt2363471/;"2015-01-15 17:34:46";no;no;no;no
"The Woman in Black";2012;http://www.icheckmovies.com/movies/the+woman+in+black-2012-1/;6092;135;0;112;;http://www.imdb.com/title/tt1596365/;"2015-01-13 22:36:05";no;no;no;no
"U Turn";1997;http://www.icheckmovies.com/movies/u+turn/;1672;71;0;35;;http://www.imdb.com/title/tt0120399/;"2015-01-10 20:29:19";no;no;no;no
"Saw IV";2007;http://www.icheckmovies.com/movies/saw+iv/;7548;106;0;65;;http://www.imdb.com/title/tt0890870/;"2015-01-10 20:27:58";no;no;no;no
"Road Trip";2000;http://www.icheckmovies.com/movies/road+trip/;9535;164;1;62;;http://www.imdb.com/title/tt0215129/;"2015-01-10 20:27:01";no;no;no;no
"One Hour Photo";2002;http://www.icheckmovies.com/movies/one+hour+photo/;6407;229;0;62;;http://www.imdb.com/title/tt0265459/;"2015-01-10 20:26:23";no;no;no;no
"Master and Commander: The Far Side of the World";2003;http://www.icheckmovies.com/movies/master+and+commander+the+far+side+of+the+world/;23056;954;6;179;;http://www.imdb.com/title/tt0311113/;"2015-01-10 20:24:57";no;no;no;no
"Me, Myself & Irene";2000;http://www.icheckmovies.com/movies/me+myself+and+irene/;13687;266;1;65;;http://www.imdb.com/title/tt0183505/;"2015-01-10 20:24:54";no;no;no;no
"The Italian Job";1969;http://www.icheckmovies.com/movies/the+italian+job/;6653;229;3;83;;http://www.imdb.com/title/tt0064505/;"2015-01-10 20:23:13";no;no;no;no
"Iron Man Three";2013;http://www.icheckmovies.com/movies/iron+man+three/;17574;632;1;233;;http://www.imdb.com/title/tt1300854/;"2015-01-10 20:23:02";no;no;no;no
"The Human Centipede (First Sequence)";2009;http://www.icheckmovies.com/movies/the+human+centipede+first+sequence/;5288;88;1;73;;http://www.imdb.com/title/tt1467304/;"2015-01-10 20:21:58";no;no;no;no
Godzilla;1998;http://www.icheckmovies.com/movies/godzilla/;33461;233;1;85;;http://www.imdb.com/title/tt0120685/;"2015-01-10 20:21:08";no;no;no;no
"The Girl Next Door";2004;http://www.icheckmovies.com/movies/the+girl+next+door/;10949;293;0;72;;http://www.imdb.com/title/tt0265208/;"2015-01-10 20:20:55";no;no;no;no
Elysium;2013;http://www.icheckmovies.com/movies/elysium/;8536;188;1;121;;http://www.imdb.com/title/tt1535108/;"2015-01-10 20:18:33";no;no;no;no
"Dodgeball: A True Underdog Story";2004;http://www.icheckmovies.com/movies/dodgeball+a+true+underdog+story/;16188;424;1;96;;http://www.imdb.com/title/tt0364725/;"2015-01-10 20:17:23";no;no;no;no
"Corpse Bride";2005;http://www.icheckmovies.com/movies/corpse+bride/;23464;1019;0;155;;http://www.imdb.com/title/tt0121164/;"2015-01-10 20:15:40";no;no;no;no
"The Conjuring";2013;http://www.icheckmovies.com/movies/the+conjuring/;8285;431;1;168;;http://www.imdb.com/title/tt1457767/;"2015-01-10 20:15:25";no;no;no;no
"Chicken Run";2000;http://www.icheckmovies.com/movies/chicken+run/;31763;599;6;128;;http://www.imdb.com/title/tt0120630/;"2015-01-10 20:14:31";no;no;no;no
"Bring It On";2000;http://www.icheckmovies.com/movies/bring+it+on/;10185;219;0;57;;http://www.imdb.com/title/tt0204946/;"2015-01-10 20:13:55";no;no;no;no
"The Imitation Game";2014;http://www.icheckmovies.com/movies/the+imitation+game/;7620;597;8;168;;http://www.imdb.com/title/tt2084970/;"2015-01-10 20:08:48";no;no;no;no
Her;2013;http://www.icheckmovies.com/movies/her-2013/;16711;2224;7;378;;http://www.imdb.com/title/tt1798709/;"2015-01-10 00:48:21";no;no;no;no
Heat;1995;http://www.icheckmovies.com/movies/heat/;35791;2699;16;376;;http://www.imdb.com/title/tt0113277/;"2015-01-05 21:27:33";no;no;no;no
Interstellar;2014;http://www.icheckmovies.com/movies/interstellar/;12352;1724;9;226;;http://www.imdb.com/title/tt0816692/;"2015-01-05 03:37:43";no;no;no;no
"The Long Kiss Goodnight";1996;http://www.icheckmovies.com/movies/the+long+kiss+goodnight/;3360;108;1;62;;http://www.imdb.com/title/tt0116908/;"2015-01-05 03:32:08";no;no;no;no
"The Hitcher";1986;http://www.icheckmovies.com/movies/the+hitcher/;4095;178;2;99;;http://www.imdb.com/title/tt0091209/;"2015-01-05 03:30:26";no;no;no;no
Excalibur;1981;http://www.icheckmovies.com/movies/excalibur/;3845;170;2;88;;http://www.imdb.com/title/tt0082348/;"2015-01-05 03:29:42";no;no;no;no
"Dead Man's Shoes";2004;http://www.icheckmovies.com/movies/dead+mans+shoes/;3909;381;4;108;;http://www.imdb.com/title/tt0419677/;"2015-01-05 03:29:07";yes;no;no;no
Caché;2005;http://www.icheckmovies.com/movies/cache/;7355;709;10;237;Hidden;http://www.imdb.com/title/tt0387898/;"2015-01-05 03:28:17";no;no;no;no
Blackfish;2013;http://www.icheckmovies.com/movies/blackfish/;2986;183;1;73;;http://www.imdb.com/title/tt2545118/;"2015-01-04 21:43:14";no;no;no;no
"Funny Games";2007;http://www.icheckmovies.com/movies/funny+games-2007/;4918;310;0;95;;http://www.imdb.com/title/tt0808279/;"2015-01-04 21:37:18";no;no;no;no
Secretary;2002;http://www.icheckmovies.com/movies/secretary/;5117;441;1;74;;http://www.imdb.com/title/tt0274812/;"2015-01-04 21:35:57";no;no;no;no
"Låt den rätte komma in";2008;http://www.icheckmovies.com/movies/lat+den+ratte+komma+in/;26285;3262;12;417;"Let the Right One In";http://www.imdb.com/title/tt1139797/;"2015-01-02 23:41:05";no;no;no;no
"The Yogis of Tibet";2002;http://www.icheckmovies.com/movies/the+yogis+of+tibet/;3;0;0;0;;http://www.imdb.com/title/tt1429400/;"2014-12-29 19:24:54";no;no;no;no
"Fahrenheit 9/11";2004;http://www.icheckmovies.com/movies/fahrenheit+9slash11/;25200;494;4;117;;http://www.imdb.com/title/tt0361596/;"2014-12-29 19:24:05";no;no;no;no
Sicko;2007;http://www.icheckmovies.com/movies/sicko/;11662;386;2;67;;http://www.imdb.com/title/tt0386032/;"2014-12-29 19:23:48";no;no;no;no
"Gone Girl";2014;http://www.icheckmovies.com/movies/gone+girl/;12125;1334;7;233;;http://www.imdb.com/title/tt2267998/;"2014-12-25 23:48:20";no;no;no;no
"Nymphomaniac: Vol. I";2013;http://www.icheckmovies.com/movies/nymphomaniac+vol.+i/;3812;266;1;111;;http://www.imdb.com/title/tt1937390/;"2014-12-23 23:11:43";no;no;no;no
"Nymphomaniac: Vol. II";2013;http://www.icheckmovies.com/movies/nymphomaniac+vol.+ii/;2890;154;1;82;;http://www.imdb.com/title/tt2382009/;"2014-12-23 23:11:20";no;no;no;no
"A Walk Among the Tombstones";2014;http://www.icheckmovies.com/movies/a+walk+among+the+tombstones/;1108;22;0;28;;http://www.imdb.com/title/tt0365907/;"2014-12-11 00:15:31";no;no;no;no
Oculus;2013;http://www.icheckmovies.com/movies/oculus/;1683;61;0;61;;http://www.imdb.com/title/tt2388715/;"2014-12-04 21:37:28";no;no;no;no
Predestination;2014;http://www.icheckmovies.com/movies/predestination/;2034;182;0;49;;http://www.imdb.com/title/tt2397535/;"2014-12-02 23:20:02";no;no;no;no
"The Babadook";2014;http://www.icheckmovies.com/movies/the+babadook/;2402;185;1;102;;http://www.imdb.com/title/tt2321549/;"2014-11-29 22:36:57";no;no;no;no
"The Next Three Days";2010;http://www.icheckmovies.com/movies/the+next+three+days/;6201;260;0;60;;http://www.imdb.com/title/tt1458175/;"2014-09-05 23:41:35";no;no;no;no
"What to Expect When You're Expecting";2012;http://www.icheckmovies.com/movies/what+to+expect+when+youre+expecting/;2822;30;0;46;;http://www.imdb.com/title/tt1586265/;"2014-08-25 22:46:52";no;no;no;no
"The Ring Two";2005;http://www.icheckmovies.com/movies/the+ring+two/;4177;33;0;54;"The Ring 2";http://www.imdb.com/title/tt0377109/;"2014-08-25 20:02:48";no;no;no;no
Monster;2003;http://www.icheckmovies.com/movies/monster/;7650;338;1;109;;http://www.imdb.com/title/tt0340855/;"2014-08-25 20:02:13";no;no;no;no
"Dawn of the Planet of the Apes";2014;http://www.icheckmovies.com/movies/dawn+of+the+planet+of+the+apes/;6960;378;1;144;;http://www.imdb.com/title/tt2103281/;"2014-08-05 00:00:53";no;no;no;no
Noah;2014;http://www.icheckmovies.com/movies/noah-2014/;4718;84;1;88;;http://www.imdb.com/title/tt1959490/;"2014-08-05 00:00:44";no;no;no;no
Zelig;1983;http://www.icheckmovies.com/movies/zelig/;5035;504;6;158;;http://www.imdb.com/title/tt0086637/;"2014-07-18 13:49:22";no;no;no;no
"Bad Taste";1987;http://www.icheckmovies.com/movies/bad+taste/;4323;224;3;105;;http://www.imdb.com/title/tt0092610/;"2014-07-11 11:53:19";no;no;no;no
"Days of Heaven";1978;http://www.icheckmovies.com/movies/days+of+heaven/;7052;909;19;339;;http://www.imdb.com/title/tt0077405/;"2014-06-26 11:50:33";no;no;no;no
"The Thin Red Line";1998;http://www.icheckmovies.com/movies/the+thin+red+line/;17560;1235;13;360;;http://www.imdb.com/title/tt0120863/;"2014-06-26 11:47:24";no;no;no;no
"Breakfast at Tiffany's";1961;http://www.icheckmovies.com/movies/breakfast+at+tiffanys/;24665;2083;8;313;;http://www.imdb.com/title/tt0054698/;"2014-06-24 15:41:29";no;no;no;no
"The Third Man";1949;http://www.icheckmovies.com/movies/the+third+man/;16290;2066;31;592;;http://www.imdb.com/title/tt0041959/;"2014-06-13 10:48:15";no;no;no;no
"The Switch";2010;http://www.icheckmovies.com/movies/the+switch/;4491;62;0;47;;http://www.imdb.com/title/tt0889573/;"2014-06-09 11:54:50";no;no;no;no
"Citizen Kane";1941;http://www.icheckmovies.com/movies/citizen+kane/;39471;3699;32;816;;http://www.imdb.com/title/tt0033467/;"2014-06-05 11:32:54";no;no;no;no
Akira;1988;http://www.icheckmovies.com/movies/akira/;22277;2070;16;313;;http://www.imdb.com/title/tt0094625/;"2014-06-02 11:36:50";no;no;no;no
"Do the Right Thing";1989;http://www.icheckmovies.com/movies/do+the+right+thing/;12346;1131;18;380;;http://www.imdb.com/title/tt0097216/;"2014-05-28 19:13:45";yes;no;no;no
"Butch Cassidy and the Sundance Kid";1969;http://www.icheckmovies.com/movies/butch+cassidy+and+the+sundance+kid/;24148;1924;23;445;;http://www.imdb.com/title/tt0064115/;"2014-05-27 01:41:03";no;no;no;no
"Walled In";2009;http://www.icheckmovies.com/movies/walled+in/;169;2;0;8;;http://www.imdb.com/title/tt1104006/;"2014-05-26 13:34:46";no;no;no;no
"Fatal Attraction";1987;http://www.icheckmovies.com/movies/fatal+attraction/;14682;234;7;167;;http://www.imdb.com/title/tt0093010/;"2014-05-23 00:49:32";no;no;no;no
"La double vie de Véronique";1991;http://www.icheckmovies.com/movies/la+double+vie+de+veronique/;4529;669;10;226;"The Double Life of Veronique";http://www.imdb.com/title/tt0101765/;"2014-05-22 00:56:18";no;no;no;no
"The Human Centipede II (Full Sequence)";2011;http://www.icheckmovies.com/movies/the+human+centipede+ii+full+sequence/;1440;24;0;46;;http://www.imdb.com/title/tt1530509/;"2014-05-20 00:50:58";no;no;no;no
"Srpski film";2010;http://www.icheckmovies.com/movies/srpski+film/;2041;93;0;78;"A Serbian Film";http://www.imdb.com/title/tt1273235/;"2014-05-20 00:50:39";no;no;no;no
"Final Destination";2000;http://www.icheckmovies.com/movies/final+destination/;22661;435;1;112;;http://www.imdb.com/title/tt0195714/;"2014-05-19 21:25:18";no;no;no;no
Antz;1998;http://www.icheckmovies.com/movies/antz/;24545;237;2;105;;http://www.imdb.com/title/tt0120587/;"2014-05-19 21:22:22";no;no;no;no
"Behind Enemy Lines";2001;http://www.icheckmovies.com/movies/behind+enemy+lines/;4054;77;0;39;;http://www.imdb.com/title/tt0159273/;"2014-05-19 21:22:11";no;no;no;no
Matilda;1996;http://www.icheckmovies.com/movies/matilda/;17067;698;0;63;;http://www.imdb.com/title/tt0117008/;"2014-05-19 21:21:29";no;no;no;no
"Honey, I Shrunk the Kids";1989;http://www.icheckmovies.com/movies/honey+i+shrunk+the+kids/;45076;452;2;73;;http://www.imdb.com/title/tt0097523/;"2014-05-19 21:16:40";no;no;no;no
"The Man with the Golden Gun";1974;http://www.icheckmovies.com/movies/the+man+with+the+golden+gun/;8373;122;1;71;;http://www.imdb.com/title/tt0071807/;"2014-05-19 21:14:34";no;no;no;no
"The Hills Have Eyes";2006;http://www.icheckmovies.com/movies/the+hills+have+eyes-2006/;5966;127;0;88;;http://www.imdb.com/title/tt0454841/;"2014-05-19 21:12:41";no;no;no;no
"The Hole";2001;http://www.icheckmovies.com/movies/the+hole-2001/;1796;55;0;42;;http://www.imdb.com/title/tt0242527/;"2014-05-19 21:12:36";no;no;no;no
"Jackass: The Movie";2002;http://www.icheckmovies.com/movies/jackass+the+movie/;11245;172;0;63;;http://www.imdb.com/title/tt0322802/;"2014-05-19 21:12:32";no;no;no;no
"The Mighty Ducks";1992;http://www.icheckmovies.com/movies/the+mighty+ducks/;5880;114;0;52;Champions;http://www.imdb.com/title/tt0104868/;"2014-05-19 21:11:21";no;no;no;no
"The Beach";2000;http://www.icheckmovies.com/movies/the+beach/;11270;445;0;70;;http://www.imdb.com/title/tt0163978/;"2014-05-19 21:11:04";no;no;no;no
"Shallow Grave";1994;http://www.icheckmovies.com/movies/shallow+grave/;3421;241;1;91;;http://www.imdb.com/title/tt0111149/;"2014-05-19 21:10:58";no;no;no;no
"Dude, Where's My Car?";2000;http://www.icheckmovies.com/movies/dude+wheres+my+carquestion/;13675;247;0;62;;http://www.imdb.com/title/tt0242423/;"2014-05-19 21:10:16";no;no;no;no
"Clerks II";2006;http://www.icheckmovies.com/movies/clerks+ii/;9101;433;0;94;;http://www.imdb.com/title/tt0424345/;"2014-05-19 21:10:09";no;no;no;no
"The Island";2005;http://www.icheckmovies.com/movies/the+island/;14391;439;0;88;;http://www.imdb.com/title/tt0399201/;"2014-05-19 21:10:02";no;no;no;no
"Phone Booth";2002;http://www.icheckmovies.com/movies/phone+booth/;13336;432;0;92;;http://www.imdb.com/title/tt0183649/;"2014-05-19 21:09:55";no;no;no;no
Buried;2010;http://www.icheckmovies.com/movies/buried/;8717;412;0;83;;http://www.imdb.com/title/tt1462758/;"2014-05-19 21:09:54";no;no;no;no
"Panic Room";2002;http://www.icheckmovies.com/movies/panic+room/;16621;342;0;102;;http://www.imdb.com/title/tt0258000/;"2014-05-19 21:09:50";no;no;no;no
"Never Been Kissed";1999;http://www.icheckmovies.com/movies/never+been+kissed/;8263;177;0;50;;http://www.imdb.com/title/tt0151738/;"2014-05-19 21:09:41";no;no;no;no
"Speed 2: Cruise Control";1997;http://www.icheckmovies.com/movies/speed+2+cruise+control/;4477;16;0;39;;http://www.imdb.com/title/tt0120179/;"2014-05-19 21:09:37";no;no;no;no
"Enemy at the Gates";2001;http://www.icheckmovies.com/movies/enemy+at+the+gates/;8092;440;0;70;;http://www.imdb.com/title/tt0215750/;"2014-05-19 21:09:34";no;no;no;no
Hostel;2005;http://www.icheckmovies.com/movies/hostel/;8159;146;0;106;;http://www.imdb.com/title/tt0450278/;"2014-05-19 21:09:32";no;no;no;no
"Touching the Void";2003;http://www.icheckmovies.com/movies/touching+the+void/;2227;186;5;85;;http://www.imdb.com/title/tt0379557/;"2014-05-19 21:09:28";no;no;no;no
"Red Eye";2005;http://www.icheckmovies.com/movies/red+eye/;5376;115;0;49;;http://www.imdb.com/title/tt0421239/;"2014-05-19 21:09:06";no;no;no;no
"The Strangers";2008;http://www.icheckmovies.com/movies/the+strangers/;7245;195;1;97;;http://www.imdb.com/title/tt0482606/;"2014-05-19 21:08:40";no;no;no;no
"Mighty Morphin Power Rangers: The Movie";1995;http://www.icheckmovies.com/movies/mighty+morphin+power+rangers+the+movie/;2355;34;1;24;;http://www.imdb.com/title/tt0113820/;"2014-05-19 21:05:41";no;no;no;no
"Ali G Indahouse";2002;http://www.icheckmovies.com/movies/ali+g+indahouse/;4568;80;0;31;;http://www.imdb.com/title/tt0284837/;"2014-05-19 21:05:39";no;no;no;no
"Kevin & Perry Go Large";2000;http://www.icheckmovies.com/movies/kevin+and+perry+go+large/;643;10;1;11;;http://www.imdb.com/title/tt0205177/;"2014-05-19 21:05:38";no;no;no;no
"Right at Your Door";2006;http://www.icheckmovies.com/movies/right+at+your+door/;359;10;0;31;;http://www.imdb.com/title/tt0458367/;"2014-05-19 21:05:31";no;no;no;no
Contagion;2011;http://www.icheckmovies.com/movies/contagion-2011-1/;9858;268;1;133;;http://www.imdb.com/title/tt1598778/;"2014-05-19 21:05:29";no;no;no;no
Pleasantville;1998;http://www.icheckmovies.com/movies/pleasantville/;9381;643;0;122;;http://www.imdb.com/title/tt0120789/;"2014-05-19 21:04:16";no;no;no;no
Moneyball;2011;http://www.icheckmovies.com/movies/moneyball/;17239;869;3;232;;http://www.imdb.com/title/tt1210166/;"2014-05-19 21:04:05";no;no;no;no
"Gokudô kyôfu dai-gekijô: Gozu";2003;http://www.icheckmovies.com/movies/gokudo+kyofu+dai-gekijo+gozu/;589;70;1;73;"Yakuza Horror Theater: Gozu";http://www.imdb.com/title/tt0361668/;"2014-05-19 12:24:00";no;no;no;no
"Koroshiya 1";2001;http://www.icheckmovies.com/movies/koroshiya+1/;2582;197;2;129;"Ichi the Killer";http://www.imdb.com/title/tt0296042/;"2014-05-19 12:22:01";no;no;no;no
"Dallas Buyers Club";2013;http://www.icheckmovies.com/movies/dallas+buyers+club/;11265;834;3;228;;http://www.imdb.com/title/tt0790636/;"2014-05-19 12:20:59";no;no;no;no
"Jeepers Creepers II";2003;http://www.icheckmovies.com/movies/jeepers+creepers+ii/;2486;23;0;37;;http://www.imdb.com/title/tt0301470/;"2014-05-18 17:02:05";no;no;no;no
"Jeepers Creepers";2001;http://www.icheckmovies.com/movies/jeepers+creepers/;5704;92;0;70;;http://www.imdb.com/title/tt0263488/;"2014-05-18 17:01:59";no;no;no;no
"I Know What You Did Last Summer";1997;http://www.icheckmovies.com/movies/i+know+what+you+did+last+summer/;8402;72;0;74;;http://www.imdb.com/title/tt0119345/;"2014-05-18 17:01:49";no;no;no;no
"Sorority Row";2009;http://www.icheckmovies.com/movies/sorority+row/;1181;14;0;26;;http://www.imdb.com/title/tt1232783/;"2014-05-18 17:01:12";no;no;no;no
Psycho;1998;http://www.icheckmovies.com/movies/psycho-1998/;2578;22;0;47;;http://www.imdb.com/title/tt0155975/;"2014-05-18 17:00:13";no;no;no;no
"El orfanato";2007;http://www.icheckmovies.com/movies/el+orfanato/;11815;801;3;161;"The Orphanage";http://www.imdb.com/title/tt0464141/;"2014-05-18 16:59:59";no;no;no;no
"American Pie";1999;http://www.icheckmovies.com/movies/american+pie/;55598;889;4;157;;http://www.imdb.com/title/tt0163651/;"2014-05-18 16:56:16";no;no;no;no
Disclosure;1994;http://www.icheckmovies.com/movies/disclosure/;4733;39;1;35;;http://www.imdb.com/title/tt0109635/;"2014-05-18 16:55:34";no;no;no;no
"Wild Wild West";1999;http://www.icheckmovies.com/movies/wild+wild+west/;29616;276;1;79;;http://www.imdb.com/title/tt0120891/;"2014-05-18 16:55:15";no;no;no;no
"The Day the Earth Stood Still";2008;http://www.icheckmovies.com/movies/the+day+the+earth+stood+still-2008-1/;18396;110;1;52;;http://www.imdb.com/title/tt0970416/;"2014-05-18 16:54:40";no;no;no;no
Bean;1997;http://www.icheckmovies.com/movies/bean/;29054;303;2;37;;http://www.imdb.com/title/tt0118689/;"2014-05-18 16:54:30";no;no;no;no
"The Mask of Zorro";1998;http://www.icheckmovies.com/movies/the+mask+of+zorro/;33092;373;1;74;;http://www.imdb.com/title/tt0120746/;"2014-05-18 16:54:25";no;no;no;no
"Lara Croft: Tomb Raider";2001;http://www.icheckmovies.com/movies/lara+croft+tomb+raider/;35109;284;1;86;;http://www.imdb.com/title/tt0146316/;"2014-05-18 16:53:58";no;no;no;no
"Indecent Proposal";1993;http://www.icheckmovies.com/movies/indecent+proposal/;8980;80;1;45;;http://www.imdb.com/title/tt0107211/;"2014-05-18 16:53:24";no;no;no;no
"We're the Millers";2013;http://www.icheckmovies.com/movies/were+the+millers/;7681;250;1;83;;http://www.imdb.com/title/tt1723121/;"2014-05-18 16:53:16";no;no;no;no
"What Lies Beneath";2000;http://www.icheckmovies.com/movies/what+lies+beneath/;13924;190;1;70;;http://www.imdb.com/title/tt0161081/;"2014-05-18 16:53:11";no;no;no;no
"The Bourne Legacy";2012;http://www.icheckmovies.com/movies/the+bourne+legacy/;9377;156;1;105;;http://www.imdb.com/title/tt1194173/;"2014-05-18 16:52:37";no;no;no;no
"American Pie 2";2001;http://www.icheckmovies.com/movies/american+pie+2/;44186;392;2;103;;http://www.imdb.com/title/tt0252866/;"2014-05-18 16:52:36";no;no;no;no
Rambo;2008;http://www.icheckmovies.com/movies/rambo/;8102;193;0;71;;http://www.imdb.com/title/tt0462499/;"2014-05-18 16:52:04";no;no;no;no
"Air Force One";1997;http://www.icheckmovies.com/movies/air+force+one/;25626;329;1;76;AFO;http://www.imdb.com/title/tt0118571/;"2014-05-18 16:51:32";no;no;no;no
"300: Rise of an Empire";2014;http://www.icheckmovies.com/movies/300+rise+of+an+empire/;4249;71;1;69;;http://www.imdb.com/title/tt1253863/;"2014-05-18 16:51:10";no;no;no;no
"Deep Impact";1998;http://www.icheckmovies.com/movies/deep+impact/;22954;204;1;67;;http://www.imdb.com/title/tt0120647/;"2014-05-18 16:50:55";no;no;no;no
"Ocean's Twelve";2004;http://www.icheckmovies.com/movies/oceans+twelve/;48624;716;2;136;;http://www.imdb.com/title/tt0349903/;"2014-05-18 16:50:51";no;no;no;no
"A Bug's Life";1998;http://www.icheckmovies.com/movies/a+bugs+life/;64185;1186;3;189;;http://www.imdb.com/title/tt0120623/;"2014-05-18 16:50:42";no;no;no;no
"Planet of the Apes";2001;http://www.icheckmovies.com/movies/planet+of+the+apes-2001-1/;32034;203;1;97;;http://www.imdb.com/title/tt0133152/;"2014-05-18 16:50:38";no;no;no;no
"What Women Want";2000;http://www.icheckmovies.com/movies/what+women+want/;36100;398;1;73;;http://www.imdb.com/title/tt0207201/;"2014-05-18 16:50:27";no;no;no;no
"Mission: Impossible III";2006;http://www.icheckmovies.com/movies/mission+impossible+iii/;33544;400;2;122;;http://www.imdb.com/title/tt0317919/;"2014-05-18 16:49:38";no;no;no;no
"Sex and the City";2008;http://www.icheckmovies.com/movies/sex+and+the+city/;20615;279;1;65;;http://www.imdb.com/title/tt1000774/;"2014-05-18 16:49:33";no;no;no;no
"Meet the Fockers";2004;http://www.icheckmovies.com/movies/meet+the+fockers/;49467;471;2;92;;http://www.imdb.com/title/tt0290002/;"2014-05-18 16:48:26";no;no;no;no
"Hollow Man";2000;http://www.icheckmovies.com/movies/hollow+man/;5686;54;0;56;;http://www.imdb.com/title/tt0164052/;"2014-05-18 16:44:31";no;no;no;no
"Basic Instinct";1992;http://www.icheckmovies.com/movies/basic+instinct/;21052;374;4;153;;http://www.imdb.com/title/tt0103772/;"2014-05-18 16:43:17";no;no;no;no
"Predator 2";1990;http://www.icheckmovies.com/movies/predator+2/;4837;67;1;54;;http://www.imdb.com/title/tt0100403/;"2014-05-18 16:42:17";no;no;no;no
"Point Break";1991;http://www.icheckmovies.com/movies/point+break/;10367;438;3;118;;http://www.imdb.com/title/tt0102685/;"2014-05-18 16:42:05";no;no;no;no
"The World Is Not Enough";1999;http://www.icheckmovies.com/movies/the+world+is+not+enough/;29665;225;1;93;;http://www.imdb.com/title/tt0143145/;"2014-05-18 16:41:10";no;no;no;no
"Tomorrow Never Dies";1997;http://www.icheckmovies.com/movies/tomorrow+never+dies/;31469;234;1;94;;http://www.imdb.com/title/tt0120347/;"2014-05-18 16:41:09";no;no;no;no
"A View to a Kill";1985;http://www.icheckmovies.com/movies/a+view+to+a+kill/;6820;65;1;72;;http://www.imdb.com/title/tt0090264/;"2014-05-18 16:40:56";no;no;no;no
"Die Another Day";2002;http://www.icheckmovies.com/movies/die+another+day/;37259;211;1;110;;http://www.imdb.com/title/tt0246460/;"2014-05-18 16:40:19";no;no;no;no
"The Full Monty";1997;http://www.icheckmovies.com/movies/the+full+monty/;19930;546;7;109;;http://www.imdb.com/title/tt0119164/;"2014-05-18 16:39:19";no;no;no;no
"Bugsy Malone";1976;http://www.icheckmovies.com/movies/bugsy+malone/;2824;100;2;60;;http://www.imdb.com/title/tt0074256/;"2014-05-18 16:33:32";no;no;no;no
"Dr. No";1962;http://www.icheckmovies.com/movies/dr.+no/;15035;357;4;162;;http://www.imdb.com/title/tt0055928/;"2014-05-18 16:30:11";no;no;no;no
"The Punisher";2004;http://www.icheckmovies.com/movies/the+punisher/;6565;135;0;61;;http://www.imdb.com/title/tt0330793/;"2014-05-18 16:29:40";no;no;no;no
Blade;1998;http://www.icheckmovies.com/movies/blade/;12940;321;0;136;;http://www.imdb.com/title/tt0120611/;"2014-05-18 16:28:17";no;no;no;no
X-Men;2000;http://www.icheckmovies.com/movies/x-men/;61576;1535;5;226;;http://www.imdb.com/title/tt0120903/;"2014-05-18 16:28:09";no;no;no;no
Spider-Man;2002;http://www.icheckmovies.com/movies/spider-man/;79291;1555;7;293;;http://www.imdb.com/title/tt0145487/;"2014-05-18 16:28:03";no;no;no;no
"Red Sonja";1985;http://www.icheckmovies.com/movies/red+sonja/;1616;16;1;30;;http://www.imdb.com/title/tt0089893/;"2014-05-18 16:27:03";no;no;no;no
"Kindergarten Cop";1990;http://www.icheckmovies.com/movies/kindergarten+cop/;25928;293;2;51;;http://www.imdb.com/title/tt0099938/;"2014-05-18 16:26:51";no;no;no;no
"The 6th Day";2000;http://www.icheckmovies.com/movies/the+6th+day/;4259;38;0;29;;http://www.imdb.com/title/tt0216216/;"2014-05-18 16:26:37";no;no;no;no
"Terminator 3: Rise of the Machines";2003;http://www.icheckmovies.com/movies/terminator+3+rise+of+the+machines/;33562;261;1;114;;http://www.imdb.com/title/tt0181852/;"2014-05-18 16:26:34";no;no;no;no
RoboCop;2014;http://www.icheckmovies.com/movies/robocop-2014-1/;3995;59;1;67;;http://www.imdb.com/title/tt1234721/;"2014-05-18 12:10:09";no;no;no;no
"Raging Bull";1980;http://www.icheckmovies.com/movies/raging+bull/;28304;2407;29;618;;http://www.imdb.com/title/tt0081398/;"2014-05-18 12:09:58";no;no;no;no
"The Fountain";2006;http://www.icheckmovies.com/movies/the+fountain/;18279;1701;5;208;;http://www.imdb.com/title/tt0414993/;"2014-05-14 11:33:24";no;no;no;no
"Blue Velvet";1986;http://www.icheckmovies.com/movies/blue+velvet/;19604;2171;17;547;;http://www.imdb.com/title/tt0090756/;"2014-05-13 19:31:32";yes;no;no;no
"Enduring Love";2004;http://www.icheckmovies.com/movies/enduring+love/;832;24;1;31;;http://www.imdb.com/title/tt0375735/;"2014-05-09 01:12:34";no;no;no;no
Brick;2005;http://www.icheckmovies.com/movies/brick/;14890;1581;6;175;;http://www.imdb.com/title/tt0393109/;"2014-05-09 00:49:28";no;no;no;no
Chinatown;1974;http://www.icheckmovies.com/movies/chinatown/;27817;2746;27;658;;http://www.imdb.com/title/tt0071315/;"2014-05-03 14:55:25";no;no;no;no
"Hellbound: Hellraiser II";1988;http://www.icheckmovies.com/movies/hellbound+hellraiser+ii/;3904;111;1;70;;http://www.imdb.com/title/tt0095294/;"2014-05-02 17:45:32";no;no;no;no
"Haute tension";2003;http://www.icheckmovies.com/movies/haute+tension/;4075;240;2;126;"High Tension";http://www.imdb.com/title/tt0338095/;"2014-05-02 17:45:02";no;no;no;no
"Cannibal Holocaust";1980;http://www.icheckmovies.com/movies/cannibal+holocaust/;4854;177;2;155;;http://www.imdb.com/title/tt0078935/;"2014-05-02 17:44:36";no;no;no;no
Hellraiser;1987;http://www.icheckmovies.com/movies/hellraiser/;9023;388;2;142;;http://www.imdb.com/title/tt0093177/;"2014-05-02 17:43:36";no;no;no;no
"The Faculty";1998;http://www.icheckmovies.com/movies/the+faculty/;8995;226;2;76;;http://www.imdb.com/title/tt0133751/;"2014-05-02 17:43:35";no;no;no;no
"Event Horizon";1997;http://www.icheckmovies.com/movies/event+horizon/;9338;436;2;131;;http://www.imdb.com/title/tt0119081/;"2014-05-02 17:43:34";no;no;no;no
Alien³;1992;http://www.icheckmovies.com/movies/alien-1992/;15559;289;1;146;;http://www.imdb.com/title/tt0103644/;"2014-05-02 17:43:08";no;no;no;no
Gremlins;1984;http://www.icheckmovies.com/movies/gremlins/;27795;997;3;213;;http://www.imdb.com/title/tt0087363/;"2014-05-02 17:42:45";no;no;no;no
"Silent Hill";2006;http://www.icheckmovies.com/movies/silent+hill/;10036;389;1;125;;http://www.imdb.com/title/tt0384537/;"2014-05-02 17:35:55";no;no;no;no
"The Ladykillers";1955;http://www.icheckmovies.com/movies/the+ladykillers/;4621;250;8;159;"The Lady Killers";http://www.imdb.com/title/tt0048281/;"2014-05-02 17:33:35";no;no;no;no
"Wall Street";1987;http://www.icheckmovies.com/movies/wall+street/;9603;348;3;129;;http://www.imdb.com/title/tt0094291/;"2014-05-02 17:31:35";no;no;no;no
Ringu;1998;http://www.icheckmovies.com/movies/ringu/;10666;344;6;164;;http://www.imdb.com/title/tt0178868/;"2014-05-02 17:31:05";no;no;no;no
Carrie;1976;http://www.icheckmovies.com/movies/carrie/;25397;1004;7;365;;http://www.imdb.com/title/tt0074285/;"2014-05-02 17:29:07";no;no;no;no
"Some Like It Hot";1959;http://www.icheckmovies.com/movies/some+like+it+hot/;28363;2841;27;575;;http://www.imdb.com/title/tt0053291/;"2014-05-02 17:28:32";no;no;no;no
RoboCop;1987;http://www.icheckmovies.com/movies/robocop/;30075;1156;12;278;;http://www.imdb.com/title/tt0093870/;"2014-05-02 17:28:22";no;no;no;no
Babe;1995;http://www.icheckmovies.com/movies/babe/;53204;764;9;169;;http://www.imdb.com/title/tt0112431/;"2014-05-02 17:25:38";no;no;no;no
"Eastern Promises";2007;http://www.icheckmovies.com/movies/eastern+promises/;14031;1105;2;173;;http://www.imdb.com/title/tt0765443/;"2014-05-02 17:22:51";no;no;no;no
Prisoners;2013;http://www.icheckmovies.com/movies/prisoners-2013/;10594;949;6;203;;http://www.imdb.com/title/tt1392214/;"2014-05-02 17:21:04";no;no;no;no
Watchmen;2009;http://www.icheckmovies.com/movies/watchmen/;41484;2955;2;250;;http://www.imdb.com/title/tt0409459/;"2014-05-02 17:20:57";no;no;no;no
"Twelve Monkeys";1995;http://www.icheckmovies.com/movies/twelve+monkeys/;50456;4165;14;402;;http://www.imdb.com/title/tt0114746/;"2014-05-02 17:20:39";no;no;no;no
"American Hustle";2013;http://www.icheckmovies.com/movies/american+hustle/;14630;455;5;231;;http://www.imdb.com/title/tt1800241/;"2014-05-02 14:27:59";no;no;no;no
"Shichinin no samurai";1954;http://www.icheckmovies.com/movies/shichinin+no+samurai/;22482;3083;25;678;"The Seven Samurai";http://www.imdb.com/title/tt0047478/;"2014-05-02 00:16:36";no;no;no;no
Psycho;1960;http://www.icheckmovies.com/movies/psycho/;56822;5011;31;913;;http://www.imdb.com/title/tt0054215/;"2014-04-24 00:09:09";no;no;no;no
"Night at the Museum";2006;http://www.icheckmovies.com/movies/night+at+the+museum/;51819;501;2;115;;http://www.imdb.com/title/tt0477347/;"2014-04-24 00:08:30";no;no;no;no
Election;1999;http://www.icheckmovies.com/movies/election/;9137;488;5;151;;http://www.imdb.com/title/tt0126886/;"2014-04-24 00:08:11";no;no;no;no
K-PAX;2001;http://www.icheckmovies.com/movies/k-pax/;7554;501;0;72;;http://www.imdb.com/title/tt0272152/;"2014-04-24 00:08:05";no;no;no;no
"Das Experiment";2001;http://www.icheckmovies.com/movies/das+experiment/;6377;503;1;101;"The Experiment";http://www.imdb.com/title/tt0250258/;"2014-04-24 00:07:45";no;no;no;no
Identity;2003;http://www.icheckmovies.com/movies/identity/;10990;523;1;111;;http://www.imdb.com/title/tt0309698/;"2014-04-24 00:07:15";no;no;no;no
"Paranormal Activity";2007;http://www.icheckmovies.com/movies/paranormal+activity/;22669;513;1;173;;http://www.imdb.com/title/tt1179904/;"2014-04-24 00:07:09";no;no;no;no
"The Fast and the Furious";2001;http://www.icheckmovies.com/movies/the+fast+and+the+furious/;38098;521;1;112;;http://www.imdb.com/title/tt0232500/;"2014-04-24 00:05:34";no;no;no;no
"Austin Powers in Goldmember";2002;http://www.icheckmovies.com/movies/austin+powers+in+goldmember/;44276;526;2;104;"Austin Powers: Goldmember";http://www.imdb.com/title/tt0295178/;"2014-04-24 00:05:25";no;no;no;no
Ôdishon;1999;http://www.icheckmovies.com/movies/odishon/;7169;523;9;251;Audition;http://www.imdb.com/title/tt0235198/;"2014-04-24 00:05:13";no;no;no;no
"Sleepless in Seattle";1993;http://www.icheckmovies.com/movies/sleepless+in+seattle/;23224;521;4;117;;http://www.imdb.com/title/tt0108160/;"2014-04-24 00:05:05";no;no;no;no
"The Mummy Returns";2001;http://www.icheckmovies.com/movies/the+mummy+returns/;46920;527;2;91;;http://www.imdb.com/title/tt0209163/;"2014-04-24 00:04:46";no;no;no;no
"Miss Congeniality";2000;http://www.icheckmovies.com/movies/miss+congeniality/;35758;538;1;70;;http://www.imdb.com/title/tt0212346/;"2014-04-24 00:04:43";no;no;no;no
Casper;1995;http://www.icheckmovies.com/movies/casper/;44606;529;2;60;;http://www.imdb.com/title/tt0112642/;"2014-04-24 00:04:36";no;no;no;no
Twister;1996;http://www.icheckmovies.com/movies/twister/;36776;533;2;96;;http://www.imdb.com/title/tt0117998/;"2014-04-24 00:04:24";no;no;no;no
"Planes, Trains & Automobiles";1987;http://www.icheckmovies.com/movies/planes+trains+and+automobiles/;11010;569;1;113;;http://www.imdb.com/title/tt0093748/;"2014-04-24 00:03:47";no;no;no;no
"Austin Powers: International Man of Mystery";1997;http://www.icheckmovies.com/movies/austin+powers+international+man+of+mystery/;27018;589;3;132;;http://www.imdb.com/title/tt0118655/;"2014-04-24 00:03:34";no;no;no;no
"How the Grinch Stole Christmas";2000;http://www.icheckmovies.com/movies/how+the+grinch+stole+christmas/;44530;582;2;117;;http://www.imdb.com/title/tt0170016/;"2014-04-24 00:03:20";no;no;no;no
"The Great Gatsby";2013;http://www.icheckmovies.com/movies/the+great+gatsby-2013/;13449;692;1;196;;http://www.imdb.com/title/tt1343092/;"2014-04-24 00:03:18";no;no;no;no
"In the Loop";2009;http://www.icheckmovies.com/movies/in+the+loop/;5883;581;1;139;;http://www.imdb.com/title/tt1226774/;"2014-04-24 00:03:04";no;no;no;no
"Sense and Sensibility";1995;http://www.icheckmovies.com/movies/sense+and+sensibility/;11048;588;10;151;;http://www.imdb.com/title/tt0114388/;"2014-04-24 00:02:52";no;no;no;no
"My Big Fat Greek Wedding";2002;http://www.icheckmovies.com/movies/my+big+fat+greek+wedding/;30985;585;1;75;;http://www.imdb.com/title/tt0259446/;"2014-04-24 00:02:51";no;no;no;no
"28 Weeks Later";2007;http://www.icheckmovies.com/movies/28+weeks+later/;19958;584;2;145;;http://www.imdb.com/title/tt0463854/;"2014-04-24 00:02:49";no;no;no;no
Frost/Nixon;2008;http://www.icheckmovies.com/movies/frostslashnixon/;10645;568;2;131;;http://www.imdb.com/title/tt0870111/;"2014-04-24 00:02:47";no;no;no;no
"Law Abiding Citizen";2009;http://www.icheckmovies.com/movies/law+abiding+citizen/;11260;609;0;71;;http://www.imdb.com/title/tt1197624/;"2014-04-24 00:02:41";no;no;no;no
"Die Hard 2";1990;http://www.icheckmovies.com/movies/die+hard+2/;32204;604;2;126;;http://www.imdb.com/title/tt0099423/;"2014-04-24 00:02:15";no;no;no;no
"Gone in Sixty Seconds";2000;http://www.icheckmovies.com/movies/gone+in+sixty+seconds/;29895;593;1;75;;http://www.imdb.com/title/tt0187078/;"2014-04-24 00:02:15";no;no;no;no
"Enter the Void";2009;http://www.icheckmovies.com/movies/enter+the+void/;5084;669;5;170;;http://www.imdb.com/title/tt1191111/;"2014-04-24 00:01:54";no;no;no;no
"Cruel Intentions";1999;http://www.icheckmovies.com/movies/cruel+intentions/;12107;623;0;76;;http://www.imdb.com/title/tt0139134/;"2014-04-24 00:01:52";no;no;no;no
Antichrist;2009;http://www.icheckmovies.com/movies/antichrist/;9281;665;5;208;;http://www.imdb.com/title/tt0870984/;"2014-04-24 00:01:45";no;no;no;no
"War of the Worlds";2005;http://www.icheckmovies.com/movies/war+of+the+worlds/;48357;656;3;159;;http://www.imdb.com/title/tt0407304/;"2014-04-24 00:01:33";no;no;no;no
"Star Trek Into Darkness";2013;http://www.icheckmovies.com/movies/star+trek+into+darkness/;15577;765;1;209;;http://www.imdb.com/title/tt1408101/;"2014-04-24 00:01:08";no;no;no;no
"The Road";2009;http://www.icheckmovies.com/movies/the+road/;11243;693;0;124;;http://www.imdb.com/title/tt0898367/;"2014-04-24 00:01:02";no;no;no;no
"The Wicker Man";1973;http://www.icheckmovies.com/movies/the+wicker+man/;10347;720;12;268;;http://www.imdb.com/title/tt0070917/;"2014-04-24 00:00:49";no;no;no;no
"8 Mile";2002;http://www.icheckmovies.com/movies/8+mile/;34653;720;3;117;;http://www.imdb.com/title/tt0298203/;"2014-04-24 00:00:27";no;no;no;no
"Austin Powers: The Spy Who Shagged Me";1999;http://www.icheckmovies.com/movies/austin+powers+the+spy+who+shagged+me/;48497;725;3;119;;http://www.imdb.com/title/tt0145660/;"2014-04-24 00:00:11";no;no;no;no
"Con Air";1997;http://www.icheckmovies.com/movies/con+air/;28545;718;2;105;;http://www.imdb.com/title/tt0118880/;"2014-04-24 00:00:08";no;no;no;no
"Rush Hour";1998;http://www.icheckmovies.com/movies/rush+hour/;39759;718;1;91;;http://www.imdb.com/title/tt0120812/;"2014-04-24 00:00:02";no;no;no;no
"Live Free or Die Hard";2007;http://www.icheckmovies.com/movies/live+free+or+die+hard/;33194;713;1;111;"Die Hard 4.0";http://www.imdb.com/title/tt0337978/;"2014-04-23 23:59:48";no;no;no;no
"Ocean's Thirteen";2007;http://www.icheckmovies.com/movies/oceans+thirteen/;39242;717;1;126;;http://www.imdb.com/title/tt0496806/;"2014-04-23 23:59:40";no;no;no;no
"The Descent";2005;http://www.icheckmovies.com/movies/the+descent/;15159;747;4;186;;http://www.imdb.com/title/tt0435625/;"2014-04-23 23:59:33";no;no;no;no
Hannibal;2001;http://www.icheckmovies.com/movies/hannibal/;33168;750;1;114;;http://www.imdb.com/title/tt0212985/;"2014-04-23 23:59:27";no;no;no;no
"The English Patient";1996;http://www.icheckmovies.com/movies/the+english+patient/;19817;772;14;248;;http://www.imdb.com/title/tt0116209/;"2014-04-23 23:59:14";no;no;no;no
"Withnail & I";1987;http://www.icheckmovies.com/movies/withnail+and+i/;6574;789;11;201;;http://www.imdb.com/title/tt0094336/;"2014-04-23 23:59:12";no;no;no;no
"The Proposal";2009;http://www.icheckmovies.com/movies/the+proposal/;29746;775;1;111;;http://www.imdb.com/title/tt1041829/;"2014-04-23 23:59:10";no;no;no;no
"Meet the Parents";2000;http://www.icheckmovies.com/movies/meet+the+parents/;52123;783;3;127;;http://www.imdb.com/title/tt0212338/;"2014-04-23 23:59:09";no;no;no;no
Contact;1997;http://www.icheckmovies.com/movies/contact/;12898;812;1;130;;http://www.imdb.com/title/tt0118884/;"2014-04-23 23:59:01";no;no;no;no
"Mission: Impossible";1996;http://www.icheckmovies.com/movies/mission+impossible/;48563;819;3;173;;http://www.imdb.com/title/tt0117060/;"2014-04-23 23:58:45";no;no;no;no
"You've Got Mail";1998;http://www.icheckmovies.com/movies/youve+got+mail/;31200;786;2;99;;http://www.imdb.com/title/tt0128853/;"2014-04-23 23:58:42";no;no;no;no
"The Reader";2008;http://www.icheckmovies.com/movies/the+reader/;13023;820;2;160;;http://www.imdb.com/title/tt0976051/;"2014-04-23 23:58:11";no;no;no;no
"The Imaginarium of Doctor Parnassus";2009;http://www.icheckmovies.com/movies/the+imaginarium+of+doctor+parnassus/;14435;774;0;115;;http://www.imdb.com/title/tt1054606/;"2014-04-23 23:58:03";no;no;no;no
"Jerry Maguire";1996;http://www.icheckmovies.com/movies/jerry+maguire/;29321;808;6;173;;http://www.imdb.com/title/tt0116695/;"2014-04-23 23:58:01";no;no;no;no
"Training Day";2001;http://www.icheckmovies.com/movies/training+day/;15981;840;1;139;;http://www.imdb.com/title/tt0139654/;"2014-04-23 23:57:58";no;no;no;no
GoldenEye;1995;http://www.icheckmovies.com/movies/goldeneye/;35454;811;2;126;;http://www.imdb.com/title/tt0113189/;"2014-04-23 23:57:57";no;no;no;no
"The Day After Tomorrow";2004;http://www.icheckmovies.com/movies/the+day+after+tomorrow/;56864;826;2;126;;http://www.imdb.com/title/tt0319262/;"2014-04-23 23:57:56";no;no;no;no
"A Few Good Men";1992;http://www.icheckmovies.com/movies/a+few+good+men/;20039;818;2;157;;http://www.imdb.com/title/tt0104257/;"2014-04-23 23:57:53";no;no;no;no
Prometheus;2012;http://www.icheckmovies.com/movies/prometheus/;19974;841;1;255;;http://www.imdb.com/title/tt1446714/;"2014-04-23 23:57:52";no;no;no;no
Goldfinger;1964;http://www.icheckmovies.com/movies/goldfinger/;28823;894;14;271;;http://www.imdb.com/title/tt0058150/;"2014-04-23 23:57:44";no;no;no;no
"Home Alone 2: Lost in New York";1992;http://www.icheckmovies.com/movies/home+alone+2+lost+in+new+york/;57986;894;2;127;;http://www.imdb.com/title/tt0104431/;"2014-04-23 23:57:18";no;no;no;no
Irréversible;2002;http://www.icheckmovies.com/movies/irreversible/;10149;914;8;244;;http://www.imdb.com/title/tt0290673/;"2014-04-23 23:57:04";no;no;no;no
"Mr. & Mrs. Smith";2005;http://www.icheckmovies.com/movies/mr.+and+mrs.+smith/;57444;933;2;125;;http://www.imdb.com/title/tt0356910/;"2014-04-23 23:57:03";no;no;no;no
"Bowling for Columbine";2002;http://www.icheckmovies.com/movies/bowling+for+columbine/;27257;912;7;165;;http://www.imdb.com/title/tt0310793/;"2014-04-23 23:57:01";no;no;no;no
Apocalypto;2006;http://www.icheckmovies.com/movies/apocalypto/;17001;949;2;142;;http://www.imdb.com/title/tt0472043/;"2014-04-23 23:56:52";no;no;no;no
Closer;2004;http://www.icheckmovies.com/movies/closer/;12137;942;1;143;;http://www.imdb.com/title/tt0376541/;"2014-04-23 23:56:48";no;no;no;no
"Wedding Crashers";2005;http://www.icheckmovies.com/movies/wedding+crashers/;40434;931;1;116;;http://www.imdb.com/title/tt0396269/;"2014-04-23 23:56:36";no;no;no;no
"The Ring";2002;http://www.icheckmovies.com/movies/the+ring-2002-1/;46034;967;4;200;;http://www.imdb.com/title/tt0298130/;"2014-04-23 23:56:35";no;no;no;no
"The Matrix Revolutions";2003;http://www.icheckmovies.com/movies/the+matrix+revolutions/;50803;946;2;188;;http://www.imdb.com/title/tt0242653/;"2014-04-23 23:56:34";no;no;no;no
Shame;2011;http://www.icheckmovies.com/movies/shame-2011/;11559;1027;2;254;;http://www.imdb.com/title/tt1723811/;"2014-04-23 23:56:33";no;no;no;no
"Vicky Cristina Barcelona";2008;http://www.icheckmovies.com/movies/vicky+cristina+barcelona/;16191;957;2;160;;http://www.imdb.com/title/tt0497465/;"2014-04-23 23:56:31";no;no;no;no
"The Fugitive";1993;http://www.icheckmovies.com/movies/the+fugitive/;27307;998;6;179;;http://www.imdb.com/title/tt0106977/;"2014-04-23 23:55:55";no;no;no;no
"Source Code";2011;http://www.icheckmovies.com/movies/source+code/;22430;1021;0;162;;http://www.imdb.com/title/tt0945513/;"2014-04-23 23:55:49";no;no;no;no
Speed;1994;http://www.icheckmovies.com/movies/speed/;42481;1009;7;155;;http://www.imdb.com/title/tt0111257/;"2014-04-23 23:55:41";no;no;no;no
"Star Wars: Episode II - Attack of the Clones";2002;http://www.icheckmovies.com/movies/star+wars+episode+ii+-+attack+of+the+clones/;55603;1011;3;239;;http://www.imdb.com/title/tt0121765/;"2014-04-23 23:55:38";no;no;no;no
"The Rock";1996;http://www.icheckmovies.com/movies/the+rock/;28934;1010;3;142;;http://www.imdb.com/title/tt0117500/;"2014-04-23 23:55:36";no;no;no;no
"Liar Liar";1997;http://www.icheckmovies.com/movies/liar+liar/;49631;1042;3;110;;http://www.imdb.com/title/tt0119528/;"2014-04-23 23:55:35";no;no;no;no
"The Fly";1986;http://www.icheckmovies.com/movies/the+fly/;20383;1070;7;350;;http://www.imdb.com/title/tt0091064/;"2014-04-23 23:55:33";no;no;no;no
Scream;1996;http://www.icheckmovies.com/movies/scream/;35311;1082;6;272;;http://www.imdb.com/title/tt0117571/;"2014-04-23 23:55:23";no;no;no;no
"Bridget Jones's Diary";2001;http://www.icheckmovies.com/movies/bridget+joness+diary/;38505;1025;2;127;;http://www.imdb.com/title/tt0243155/;"2014-04-23 23:55:17";no;no;no;no
"Die Hard: With a Vengeance";1995;http://www.icheckmovies.com/movies/die+hard+with+a+vengeance/;35237;1051;3;145;"Die Hard 3";http://www.imdb.com/title/tt0112864/;"2014-04-23 23:55:13";no;no;no;no
"American Gangster";2007;http://www.icheckmovies.com/movies/american+gangster/;26222;1047;1;167;;http://www.imdb.com/title/tt0765429/;"2014-04-23 23:55:12";no;no;no;no
"3:10 to Yuma";2007;http://www.icheckmovies.com/movies/310+to+yuma/;19350;1029;3;153;;http://www.imdb.com/title/tt0381849/;"2014-04-23 23:55:10";no;no;no;no
"Star Wars: Episode I - The Phantom Menace";1999;http://www.icheckmovies.com/movies/star+wars+episode+i+-+the+phantom+menace/;60095;1065;4;284;;http://www.imdb.com/title/tt0120915/;"2014-04-23 23:55:07";no;no;no;no
"The Blair Witch Project";1999;http://www.icheckmovies.com/movies/the+blair+witch+project/;42594;1099;9;296;;http://www.imdb.com/title/tt0185937/;"2014-04-23 23:55:02";no;no;no;no
Thor;2011;http://www.icheckmovies.com/movies/thor/;34426;1092;1;252;;http://www.imdb.com/title/tt0800369/;"2014-04-23 23:55:01";no;no;no;no
[Rec];2007;http://www.icheckmovies.com/movies/rec/;15981;1054;2;194;;http://www.imdb.com/title/tt1038988/;"2014-04-23 23:54:56";no;no;no;no
"The Illusionist";2006;http://www.icheckmovies.com/movies/the+illusionist/;20393;1101;0;146;;http://www.imdb.com/title/tt0443543/;"2014-04-23 23:54:41";no;no;no;no
"There's Something About Mary";1998;http://www.icheckmovies.com/movies/theres+something+about+mary/;49226;1089;6;156;;http://www.imdb.com/title/tt0129387/;"2014-04-23 23:54:29";no;no;no;no
"21 Grams";2003;http://www.icheckmovies.com/movies/21+grams/;16302;1069;1;172;;http://www.imdb.com/title/tt0315733/;"2014-04-23 23:54:25";no;no;no;no
"The Wolf of Wall Street";2013;http://www.icheckmovies.com/movies/the+wolf+of+wall+street-2013-1/;23423;1806;11;378;;http://www.imdb.com/title/tt0993846/;"2014-04-23 23:54:22";no;no;no;no
"Shakespeare in Love";1998;http://www.icheckmovies.com/movies/shakespeare+in+love/;33340;1095;11;197;;http://www.imdb.com/title/tt0138097/;"2014-04-23 23:54:19";no;no;no;no
Cloverfield;2008;http://www.icheckmovies.com/movies/cloverfield/;28193;1098;3;197;;http://www.imdb.com/title/tt1060277/;"2014-04-23 23:54:06";no;no;no;no
"Notting Hill";1999;http://www.icheckmovies.com/movies/notting+hill/;35589;1104;2;104;;http://www.imdb.com/title/tt0125439/;"2014-04-23 23:54:03";no;no;no;no
"Billy Elliot";2000;http://www.icheckmovies.com/movies/billy+elliot/;21402;1164;4;151;;http://www.imdb.com/title/tt0249462/;"2014-04-23 23:53:55";no;no;no;no
"Vanilla Sky";2001;http://www.icheckmovies.com/movies/vanilla+sky/;28235;1159;1;139;;http://www.imdb.com/title/tt0259711/;"2014-04-23 23:53:54";no;no;no;no
Face/Off;1997;http://www.icheckmovies.com/movies/faceslashoff/;34442;1163;4;153;;http://www.imdb.com/title/tt0119094/;"2014-04-23 23:53:24";no;no;no;no
Clueless;1995;http://www.icheckmovies.com/movies/clueless/;27445;1234;3;185;;http://www.imdb.com/title/tt0112697/;"2014-04-23 23:53:16";no;no;no;no
"The Game";1997;http://www.icheckmovies.com/movies/the+game/;16521;1243;2;183;;http://www.imdb.com/title/tt0119174/;"2014-04-23 23:53:14";no;no;no;no
"Apollo 13";1995;http://www.icheckmovies.com/movies/apollo+13/;41098;1217;4;221;;http://www.imdb.com/title/tt0112384/;"2014-04-23 23:53:12";no;no;no;no
"Pretty Woman";1990;http://www.icheckmovies.com/movies/pretty+woman/;49406;1236;7;184;;http://www.imdb.com/title/tt0100405/;"2014-04-23 23:53:09";no;no;no;no
"The Matrix Reloaded";2003;http://www.icheckmovies.com/movies/the+matrix+reloaded/;57415;1255;3;216;;http://www.imdb.com/title/tt0234215/;"2014-04-23 23:52:59";no;no;no;no
"Starship Troopers";1997;http://www.icheckmovies.com/movies/starship+troopers/;24222;1257;6;193;;http://www.imdb.com/title/tt0120201/;"2014-04-23 23:52:56";no;no;no;no
"The Mummy";1999;http://www.icheckmovies.com/movies/the+mummy-1999/;57695;1255;3;149;;http://www.imdb.com/title/tt0120616/;"2014-04-23 23:52:55";no;no;no;no
"The Machinist";2004;http://www.icheckmovies.com/movies/the+machinist/;17810;1327;0;167;"The Machinist";http://www.imdb.com/title/tt0361862/;"2014-04-23 23:52:49";no;no;no;no
"The Simpsons Movie";2007;http://www.icheckmovies.com/movies/the+simpsons+movie/;59888;1268;2;154;;http://www.imdb.com/title/tt0462538/;"2014-04-23 23:52:46";no;no;no;no
Argo;2012;http://www.icheckmovies.com/movies/argo-2012/;23899;1367;6;288;;http://www.imdb.com/title/tt1024648/;"2014-04-23 23:52:40";no;no;no;no
"Blazing Saddles";1974;http://www.icheckmovies.com/movies/blazing+saddles/;22409;1297;12;290;;http://www.imdb.com/title/tt0071230/;"2014-04-23 23:52:39";no;no;no;no
Babel;2006;http://www.icheckmovies.com/movies/babel/;23002;1300;4;227;;http://www.imdb.com/title/tt0449467/;"2014-04-23 23:52:35";no;no;no;no
Warrior;2011;http://www.icheckmovies.com/movies/warrior/;15427;1346;3;226;;http://www.imdb.com/title/tt1291584/;"2014-04-23 23:52:20";no;no;no;no
"The Mask";1994;http://www.icheckmovies.com/movies/the+mask/;62375;1325;3;138;;http://www.imdb.com/title/tt0110475/;"2014-04-23 23:52:13";no;no;no;no
Zoolander;2001;http://www.icheckmovies.com/movies/zoolander/;31081;1346;3;145;;http://www.imdb.com/title/tt0196229/;"2014-04-23 23:52:13";no;no;no;no
"Close Encounters of the Third Kind";1977;http://www.icheckmovies.com/movies/close+encounters+of+the+third+kind/;27266;1308;19;362;;http://www.imdb.com/title/tt0075860/;"2014-04-23 23:52:11";no;no;no;no
Predator;1987;http://www.icheckmovies.com/movies/predator/;27673;1349;5;228;;http://www.imdb.com/title/tt0093773/;"2014-04-23 23:52:10";no;no;no;no
"Dark City";1998;http://www.icheckmovies.com/movies/dark+city/;14240;1325;3;203;;http://www.imdb.com/title/tt0118929/;"2014-04-23 23:51:44";no;no;no;no
"Charlie and the Chocolate Factory";2005;http://www.icheckmovies.com/movies/charlie+and+the+chocolate+factory/;67084;1317;2;176;;http://www.imdb.com/title/tt0367594/;"2014-04-23 23:51:42";no;no;no;no
Sunshine;2007;http://www.icheckmovies.com/movies/sunshine/;17563;1332;1;178;;http://www.imdb.com/title/tt0448134/;"2014-04-23 23:51:24";no;no;no;no
"Total Recall";1990;http://www.icheckmovies.com/movies/total+recall/;30485;1406;7;225;;http://www.imdb.com/title/tt0100802/;"2014-04-23 23:51:22";no;no;no;no
Unbreakable;2000;http://www.icheckmovies.com/movies/unbreakable/;30948;1397;4;148;;http://www.imdb.com/title/tt0217869/;"2014-04-23 23:51:05";yes;no;no;no
"The Birds";1963;http://www.icheckmovies.com/movies/the+birds/;31032;1462;15;417;;http://www.imdb.com/title/tt0056869/;"2014-04-23 23:51:02";no;no;no;no
"The Cabin in the Woods";2012;http://www.icheckmovies.com/movies/the+cabin+in+the+woods/;21522;1629;3;316;;http://www.imdb.com/title/tt1259521/;"2014-04-23 23:51:02";no;no;no;no
Skyfall;2012;http://www.icheckmovies.com/movies/skyfall/;29322;1579;4;351;;http://www.imdb.com/title/tt1074638/;"2014-04-23 23:50:55";no;no;no;no
"The Last Samurai";2003;http://www.icheckmovies.com/movies/the+last+samurai/;38900;1469;2;156;;http://www.imdb.com/title/tt0325710/;"2014-04-23 23:50:46";no;no;no;no
"Napoleon Dynamite";2004;http://www.icheckmovies.com/movies/napoleon+dynamite/;31598;1472;2;151;;http://www.imdb.com/title/tt0374900/;"2014-04-23 23:50:40";no;no;no;no
Gravity;2013;http://www.icheckmovies.com/movies/gravity-2013/;23129;1834;11;396;;http://www.imdb.com/title/tt1454468/;"2014-04-23 23:49:55";no;no;no;no
Hook;1991;http://www.icheckmovies.com/movies/hook/;40109;1481;2;130;;http://www.imdb.com/title/tt0102057/;"2014-04-23 23:49:53";no;no;no;no
"Eyes Wide Shut";1999;http://www.icheckmovies.com/movies/eyes+wide+shut/;22950;1604;10;330;;http://www.imdb.com/title/tt0120663/;"2014-04-23 23:49:26";no;no;no;no
Saw;2004;http://www.icheckmovies.com/movies/saw/;45542;1579;6;199;;http://www.imdb.com/title/tt0387564/;"2014-04-23 23:49:07";no;no;no;no
Chicago;2002;http://www.icheckmovies.com/movies/chicago/;33751;1617;8;233;;http://www.imdb.com/title/tt0299658/;"2014-04-23 23:49:01";no;no;no;no
"Independence Day";1996;http://www.icheckmovies.com/movies/independence+day/;63840;1626;7;194;;http://www.imdb.com/title/tt0116629/;"2014-04-23 23:48:59";no;no;no;no
"10 Things I Hate About You";1999;http://www.icheckmovies.com/movies/10+things+i+hate+about+you/;25145;1652;1;148;;http://www.imdb.com/title/tt0147800/;"2014-04-23 23:48:47";no;no;no;no
"Gangs of New York";2002;http://www.icheckmovies.com/movies/gangs+of+new+york/;36052;1691;4;276;;http://www.imdb.com/title/tt0217505/;"2014-04-23 23:48:38";no;no;no;no
"Thank You for Smoking";2005;http://www.icheckmovies.com/movies/thank+you+for+smoking/;23996;1639;1;143;;http://www.imdb.com/title/tt0427944/;"2014-04-23 23:48:37";no;no;no;no
"The Others";2001;http://www.icheckmovies.com/movies/the+others/;35515;1704;6;203;;http://www.imdb.com/title/tt0230600/;"2014-04-23 23:48:36";no;no;no;no
"Dumb & Dumber";1994;http://www.icheckmovies.com/movies/dumb+and+dumber/;54662;1697;5;165;"Dumb Happens";http://www.imdb.com/title/tt0109686/;"2014-04-23 23:48:35";no;no;no;no
"The Bourne Supremacy";2004;http://www.icheckmovies.com/movies/the+bourne+supremacy/;48988;1676;6;202;;http://www.imdb.com/title/tt0372183/;"2014-04-23 23:48:34";no;no;no;no
"I Am Legend";2007;http://www.icheckmovies.com/movies/i+am+legend/;61451;1770;2;178;;http://www.imdb.com/title/tt0480249/;"2014-04-23 23:48:26";no;no;no;no
"Indiana Jones and the Temple of Doom";1984;http://www.icheckmovies.com/movies/indiana+jones+and+the+temple+of+doom/;52110;1782;7;266;;http://www.imdb.com/title/tt0087469/;"2014-04-23 23:48:24";no;no;no;no
"Artificial Intelligence: AI";2001;http://www.icheckmovies.com/movies/artificial+intelligence+ai/;43089;1762;10;253;;http://www.imdb.com/title/tt0212720/;"2014-04-23 23:48:22";no;no;no;no
"Star Wars: Episode III - Revenge of the Sith";2005;http://www.icheckmovies.com/movies/star+wars+episode+iii+-+revenge+of+the+sith/;59012;1775;4;295;;http://www.imdb.com/title/tt0121766/;"2014-04-23 23:48:15";no;no;no;no
"Der Untergang";2004;http://www.icheckmovies.com/movies/der+untergang/;27020;1796;13;299;Downfall;http://www.imdb.com/title/tt0363163/;"2014-04-23 23:47:45";no;no;no;no
"Sleepy Hollow";1999;http://www.icheckmovies.com/movies/sleepy+hollow/;40218;1753;3;194;;http://www.imdb.com/title/tt0162661/;"2014-04-23 23:47:39";no;no;no;no
Platoon;1986;http://www.icheckmovies.com/movies/platoon/;36192;1836;17;383;;http://www.imdb.com/title/tt0091763/;"2014-04-23 23:47:32";no;no;no;no
Jumanji;1995;http://www.icheckmovies.com/movies/jumanji/;61604;1888;2;116;;http://www.imdb.com/title/tt0113497/;"2014-04-23 23:47:29";no;no;no;no
Atonement;2007;http://www.icheckmovies.com/movies/atonement/;22069;1838;6;222;;http://www.imdb.com/title/tt0783233/;"2014-04-23 23:47:25";no;no;no;no
"Men in Black";1997;http://www.icheckmovies.com/movies/men+in+black/;73641;1924;6;207;;http://www.imdb.com/title/tt0119654/;"2014-04-23 23:47:25";no;no;no;no
"The Hurt Locker";2008;http://www.icheckmovies.com/movies/the+hurt+locker/;36381;1881;10;338;;http://www.imdb.com/title/tt0887912/;"2014-04-23 23:47:23";no;no;no;no
Zodiac;2007;http://www.icheckmovies.com/movies/zodiac/;32498;2022;8;324;;http://www.imdb.com/title/tt0443706/;"2014-04-23 23:46:51";no;no;no;no
"High Fidelity";2000;http://www.icheckmovies.com/movies/high+fidelity/;19969;1887;3;189;;http://www.imdb.com/title/tt0146882/;"2014-04-23 23:46:44";no;no;no;no
"This Is Spinal Tap";1984;http://www.icheckmovies.com/movies/this+is+spinal+tap/;25371;1992;17;334;;http://www.imdb.com/title/tt0088258/;"2014-04-23 23:46:34";no;no;no;no
"The Hobbit: An Unexpected Journey";2012;http://www.icheckmovies.com/movies/the+hobbit+an+unexpected+journey/;33458;2089;4;334;;http://www.imdb.com/title/tt0903624/;"2014-04-23 23:46:11";no;no;no;no
"The Sound of Music";1965;http://www.icheckmovies.com/movies/the+sound+of+music/;42094;2106;20;340;;http://www.imdb.com/title/tt0059742/;"2014-04-23 23:45:56";no;no;no;no
Casino;1995;http://www.icheckmovies.com/movies/casino/;34132;2183;11;341;;http://www.imdb.com/title/tt0112641/;"2014-04-23 23:45:19";no;no;no;no
"Mean Girls";2004;http://www.icheckmovies.com/movies/mean+girls/;39207;2207;2;201;;http://www.imdb.com/title/tt0377092/;"2014-04-23 23:45:18";no;no;no;no
"The Rocky Horror Picture Show";1975;http://www.icheckmovies.com/movies/the+rocky+horror+picture+show/;25602;2188;9;278;;http://www.imdb.com/title/tt0073629/;"2014-04-23 23:45:17";no;no;no;no
Taken;2008;http://www.icheckmovies.com/movies/taken/;42785;2167;1;162;;http://www.imdb.com/title/tt0936501/;"2014-04-23 23:44:33";no;no;no;no
"Willy Wonka & the Chocolate Factory";1971;http://www.icheckmovies.com/movies/willy+wonka+and+the+chocolate+factory/;50273;2233;6;222;;http://www.imdb.com/title/tt0067992/;"2014-04-23 23:44:32";no;no;no;no
Rocky;1976;http://www.icheckmovies.com/movies/rocky/;57293;2228;19;419;;http://www.imdb.com/title/tt0075148/;"2014-04-23 23:44:21";no;no;no;no
"Cast Away";2000;http://www.icheckmovies.com/movies/cast+away/;54726;2223;3;191;;http://www.imdb.com/title/tt0162222/;"2014-04-23 23:44:20";no;no;no;no
"Minority Report";2002;http://www.icheckmovies.com/movies/minority+report/;51410;2305;6;284;;http://www.imdb.com/title/tt0181689/;"2014-04-23 23:44:07";no;no;no;no
"Home Alone";1990;http://www.icheckmovies.com/movies/home+alone/;81591;2382;5;216;;http://www.imdb.com/title/tt0099785/;"2014-04-23 23:44:02";no;no;no;no
"The Exorcist";1973;http://www.icheckmovies.com/movies/the+exorcist/;55790;2439;20;569;;http://www.imdb.com/title/tt0070047/;"2014-04-23 23:43:58";no;no;no;no
"The Bourne Identity";2002;http://www.icheckmovies.com/movies/the+bourne+identity/;55236;2394;5;247;;http://www.imdb.com/title/tt0258463/;"2014-04-23 23:43:57";no;no;no;no
"Harry Potter and the Sorcerer's Stone";2001;http://www.icheckmovies.com/movies/harry+potter+and+the+sorcerers+stone/;79931;2517;4;348;"Harry Potter and the Philosopher's Stone";http://www.imdb.com/title/tt0241527/;"2014-04-23 23:43:47";no;no;no;no
"E.T. the Extra-Terrestrial";1982;http://www.icheckmovies.com/movies/e.t.+the+extra-terrestrial/;81350;2528;24;484;;http://www.imdb.com/title/tt0083866/;"2014-04-23 23:43:27";no;no;no;no
Clerks.;1994;http://www.icheckmovies.com/movies/clerks./;30545;2537;5;278;;http://www.imdb.com/title/tt0109445/;"2014-04-23 23:43:23";no;no;no;no
Superbad;2007;http://www.icheckmovies.com/movies/superbad/;47830;2593;4;243;;http://www.imdb.com/title/tt0829482/;"2014-04-23 23:43:17";no;no;no;no
Shrek;2001;http://www.icheckmovies.com/movies/shrek/;90298;2665;11;312;;http://www.imdb.com/title/tt0126029/;"2014-04-23 23:43:16";no;no;no;no
"North by Northwest";1959;http://www.icheckmovies.com/movies/north+by+northwest/;28226;2820;26;582;;http://www.imdb.com/title/tt0053125/;"2014-04-23 23:42:58";no;no;no;no
"Almost Famous";2000;http://www.icheckmovies.com/movies/almost+famous/;32179;2883;8;284;;http://www.imdb.com/title/tt0181875/;"2014-04-23 23:42:47";no;no;no;no
"The Bourne Ultimatum";2007;http://www.icheckmovies.com/movies/the+bourne+ultimatum/;64614;2789;9;283;;http://www.imdb.com/title/tt0440963/;"2014-04-23 23:42:45";no;no;no;no
Jaws;1975;http://www.icheckmovies.com/movies/jaws/;72257;2938;26;648;;http://www.imdb.com/title/tt0073195/;"2014-04-23 23:42:44";no;no;no;no
"Casino Royale";2006;http://www.icheckmovies.com/movies/casino+royale/;65896;2935;7;301;;http://www.imdb.com/title/tt0381061/;"2014-04-23 23:42:43";no;no;no;no
"28 Days Later...";2002;http://www.icheckmovies.com/movies/28+days+later.../;43830;2954;8;327;;http://www.imdb.com/title/tt0289043/;"2014-04-23 23:42:40";no;no;no;no
Aladdin;1992;http://www.icheckmovies.com/movies/aladdin/;79416;3047;12;278;;http://www.imdb.com/title/tt0103639/;"2014-04-23 23:42:36";no;no;no;no
"The Terminator";1984;http://www.icheckmovies.com/movies/the+terminator/;75247;3146;18;487;;http://www.imdb.com/title/tt0088247/;"2014-04-23 23:42:23";no;no;no;no
"L.A. Confidential";1997;http://www.icheckmovies.com/movies/l.a.+confidential/;36884;3100;21;458;;http://www.imdb.com/title/tt0119488/;"2014-04-23 23:42:16";no;no;no;no
"Moulin Rouge!";2001;http://www.icheckmovies.com/movies/moulin+rougeexclamation/;41711;3204;12;334;;http://www.imdb.com/title/tt0203009/;"2014-04-23 23:42:08";no;no;no;no
"Ocean's Eleven";2001;http://www.icheckmovies.com/movies/oceans+eleven/;70791;3283;6;241;;http://www.imdb.com/title/tt0240772/;"2014-04-23 23:41:58";no;no;no;no
300;2006;http://www.icheckmovies.com/movies/300/;64789;3254;5;244;;http://www.imdb.com/title/tt0416449/;"2014-04-23 23:41:57";no;no;no;no
"Hot Fuzz";2007;http://www.icheckmovies.com/movies/hot+fuzz/;41470;3497;4;262;;http://www.imdb.com/title/tt0425112/;"2014-04-23 23:41:55";no;no;no;no
"Star Trek";2009;http://www.icheckmovies.com/movies/star+trek/;60855;3372;8;291;;http://www.imdb.com/title/tt0796366/;"2014-04-23 23:41:53";no;no;no;no
Scarface;1983;http://www.icheckmovies.com/movies/scarface/;52536;3599;16;430;;http://www.imdb.com/title/tt0086250/;"2014-04-23 23:41:46";no;no;no;no
Zombieland;2009;http://www.icheckmovies.com/movies/zombieland/;52759;3598;2;274;;http://www.imdb.com/title/tt1156398/;"2014-04-23 23:41:28";no;no;no;no
Aliens;1986;http://www.icheckmovies.com/movies/aliens/;53408;3617;21;523;;http://www.imdb.com/title/tt0090605/;"2014-04-23 23:41:24";no;no;no;no
"The Royal Tenenbaums";2001;http://www.icheckmovies.com/movies/the+royal+tenenbaums/;32575;3709;6;394;;http://www.imdb.com/title/tt0265666/;"2014-04-23 23:41:23";no;no;no;no
"Ferris Bueller's Day Off";1986;http://www.icheckmovies.com/movies/ferris+buellers+day+off/;46153;3642;9;333;;http://www.imdb.com/title/tt0091042/;"2014-04-23 23:41:19";no;no;no;no
"The Dark Knight Rises";2012;http://www.icheckmovies.com/movies/the+dark+knight+rises/;50205;3847;9;485;;http://www.imdb.com/title/tt1345836/;"2014-04-23 23:41:15";no;no;no;no
Vertigo;1958;http://www.icheckmovies.com/movies/vertigo/;34670;3775;38;778;;http://www.imdb.com/title/tt0052357/;"2014-04-23 23:41:13";no;no;no;no
"Mulholland Dr.";2001;http://www.icheckmovies.com/movies/mulholland+dr./;29866;3738;19;611;"Mulholland Drive";http://www.imdb.com/title/tt0166924/;"2014-04-23 23:41:04";no;no;no;no
Titanic;1997;http://www.icheckmovies.com/movies/titanic/;92875;3735;20;523;;http://www.imdb.com/title/tt0120338/;"2014-04-23 23:41:03";no;no;no;no
"American Psycho";2000;http://www.icheckmovies.com/movies/american+psycho/;43832;3868;8;390;;http://www.imdb.com/title/tt0144084/;"2014-04-23 23:41:01";no;no;no;no
"Lock, Stock and Two Smoking Barrels";1998;http://www.icheckmovies.com/movies/lock+stock+and+two+smoking+barrels/;42963;3885;5;276;;http://www.imdb.com/title/tt0120735/;"2014-04-23 23:41:00";no;no;no;no
"Indiana Jones and the Last Crusade";1989;http://www.icheckmovies.com/movies/indiana+jones+and+the+last+crusade/;71308;3846;13;351;;http://www.imdb.com/title/tt0097576/;"2014-04-23 23:40:59";no;no;no;no
Moon;2009;http://www.icheckmovies.com/movies/moon/;31308;3916;6;342;;http://www.imdb.com/title/tt1182345/;"2014-04-23 23:40:55";no;no;no;no
"The King's Speech";2010;http://www.icheckmovies.com/movies/the+kings+speech/;52849;3986;10;395;;http://www.imdb.com/title/tt1504320/;"2014-04-23 23:40:54";no;no;no;no
"The Fifth Element";1997;http://www.icheckmovies.com/movies/the+fifth+element/;52753;4031;6;248;;http://www.imdb.com/title/tt0119116/;"2014-04-23 23:40:52";no;no;no;no
"The Sixth Sense";1999;http://www.icheckmovies.com/movies/the+sixth+sense/;83713;4124;21;423;;http://www.imdb.com/title/tt0167404/;"2014-04-23 23:40:48";no;no;no;no
"The Hangover";2009;http://www.icheckmovies.com/movies/the+hangover/;78904;4008;3;279;;http://www.imdb.com/title/tt1119646/;"2014-04-23 23:40:41";no;no;no;no
"Django Unchained";2012;http://www.icheckmovies.com/movies/django+unchained/;40766;4563;10;573;;http://www.imdb.com/title/tt1853728/;"2014-04-23 23:40:38";no;no;no;no
"Pirates of the Caribbean: The Curse of the Black Pearl";2003;http://www.icheckmovies.com/movies/pirates+of+the+caribbean+the+curse+of+the+black+pearl/;97220;4287;10;398;;http://www.imdb.com/title/tt0325980/;"2014-04-23 23:40:27";no;no;no;no
"Good Will Hunting";1997;http://www.icheckmovies.com/movies/good+will+hunting/;61041;4535;8;388;;http://www.imdb.com/title/tt0119217/;"2014-04-23 23:40:25";yes;no;no;no
"Catch Me If You Can";2002;http://www.icheckmovies.com/movies/catch+me+if+you+can/;64613;4457;6;284;;http://www.imdb.com/title/tt0264464/;"2014-04-23 23:40:18";no;no;no;no
"Die Hard";1988;http://www.icheckmovies.com/movies/die+hard/;73107;4467;16;493;;http://www.imdb.com/title/tt0095016/;"2014-04-23 23:40:17";no;no;no;no
"Rear Window";1954;http://www.icheckmovies.com/movies/rear+window/;37414;4610;26;689;;http://www.imdb.com/title/tt0047396/;"2014-04-23 23:40:16";no;no;no;no
Drive;2011;http://www.icheckmovies.com/movies/drive-2011-1/;39558;4654;5;535;;http://www.imdb.com/title/tt0780504/;"2014-04-23 23:40:15";no;no;no;no
"The Nightmare Before Christmas";1993;http://www.icheckmovies.com/movies/the+nightmare+before+christmas/;63301;4568;12;353;;http://www.imdb.com/title/tt0107688/;"2014-04-23 23:40:14";no;no;no;no
"Jurassic Park";1993;http://www.icheckmovies.com/movies/jurassic+park/;92535;4785;16;518;;http://www.imdb.com/title/tt0107290/;"2014-04-23 23:40:12";no;no;no;no
"Edward Scissorhands";1990;http://www.icheckmovies.com/movies/edward+scissorhands/;62826;4684;7;347;;http://www.imdb.com/title/tt0099487/;"2014-04-23 23:40:11";no;no;no;no
"Slumdog Millionaire";2008;http://www.icheckmovies.com/movies/slumdog+millionaire/;82234;4678;11;384;;http://www.imdb.com/title/tt1010048/;"2014-04-23 23:40:09";no;no;no;no
"Lost in Translation";2003;http://www.icheckmovies.com/movies/lost+in+translation/;44329;4756;12;531;;http://www.imdb.com/title/tt0335266/;"2014-04-23 23:40:07";no;no;no;no
"The Social Network";2010;http://www.icheckmovies.com/movies/the+social+network/;70684;4740;10;461;;http://www.imdb.com/title/tt1285016/;"2014-04-23 23:40:04";no;no;no;no
"Full Metal Jacket";1987;http://www.icheckmovies.com/movies/full+metal+jacket/;54854;4802;15;507;;http://www.imdb.com/title/tt0093058/;"2014-04-23 23:40:03";no;no;no;no
"Star Wars: Episode VI - Return of the Jedi";1983;http://www.icheckmovies.com/movies/star+wars+episode+vi+-+return+of+the+jedi/;82530;4896;18;509;;http://www.imdb.com/title/tt0086190/;"2014-04-23 23:40:02";no;no;no;no
"Children of Men";2006;http://www.icheckmovies.com/movies/children+of+men/;51026;4850;11;442;;http://www.imdb.com/title/tt0206634/;"2014-04-23 23:40:00";no;no;no;no
"Kill Bill: Vol. 2";2004;http://www.icheckmovies.com/movies/kill+bill+vol.+2/;71996;4863;8;458;;http://www.imdb.com/title/tt0378194/;"2014-04-23 23:39:59";no;no;no;no
Oldeuboi;2003;http://www.icheckmovies.com/movies/oldeuboi/;34288;5029;20;549;;http://www.imdb.com/title/tt0364569/;"2014-04-23 23:39:55";no;no;no;no
"Groundhog Day";1993;http://www.icheckmovies.com/movies/groundhog+day/;64961;5071;18;470;;http://www.imdb.com/title/tt0107048/;"2014-04-23 23:39:49";no;no;no;no
"There Will Be Blood";2007;http://www.icheckmovies.com/movies/there+will+be+blood/;46887;5104;18;610;;http://www.imdb.com/title/tt0469494/;"2014-04-23 23:39:49";no;no;no;no
"Shutter Island";2010;http://www.icheckmovies.com/movies/shutter+island/;68959;5179;9;388;;http://www.imdb.com/title/tt1130884/;"2014-04-23 23:39:48";no;no;no;no
"Terminator 2: Judgment Day";1991;http://www.icheckmovies.com/movies/terminator+2+judgment+day/;75264;5096;19;528;;http://www.imdb.com/title/tt0103064/;"2014-04-23 23:39:29";no;no;no;no
"Apocalypse Now";1979;http://www.icheckmovies.com/movies/apocalypse+now/;51228;5167;33;791;;http://www.imdb.com/title/tt0078788/;"2014-04-23 23:39:28";no;no;no;no
"District 9";2009;http://www.icheckmovies.com/movies/district+9/;70164;5154;11;343;;http://www.imdb.com/title/tt1136608/;"2014-04-23 23:39:26";no;no;no;no
"Batman Begins";2005;http://www.icheckmovies.com/movies/batman+begins/;94338;5285;11;481;;http://www.imdb.com/title/tt0372784/;"2014-04-23 23:39:19";no;no;no;no
"Sin City";2005;http://www.icheckmovies.com/movies/sin+city/;71377;5244;7;402;;http://www.imdb.com/title/tt0401792/;"2014-04-23 23:39:18";no;no;no;no
Alien;1979;http://www.icheckmovies.com/movies/alien/;66059;5456;22;760;;http://www.imdb.com/title/tt0078748/;"2014-04-23 23:39:17";no;no;no;no
"Finding Nemo";2003;http://www.icheckmovies.com/movies/finding+nemo/;108122;5396;15;446;;http://www.imdb.com/title/tt0266543/;"2014-04-23 23:39:16";no;no;no;no
"Raiders of the Lost Ark";1981;http://www.icheckmovies.com/movies/raiders+of+the+lost+ark/;75422;5487;25;624;;http://www.imdb.com/title/tt0082971/;"2014-04-23 23:39:14";no;no;no;no
"Cidade de Deus";2002;http://www.icheckmovies.com/movies/cidade+de+deus/;42941;5589;19;545;"City of God";http://www.imdb.com/title/tt0317248/;"2014-04-23 23:39:13";no;no;no;no
"Taxi Driver";1976;http://www.icheckmovies.com/movies/taxi+driver/;54842;5771;30;841;;http://www.imdb.com/title/tt0075314/;"2014-04-23 23:38:54";no;no;no;no
"Shaun of the Dead";2004;http://www.icheckmovies.com/movies/shaun+of+the+dead/;61919;5679;12;468;;http://www.imdb.com/title/tt0365748/;"2014-04-23 23:38:46";no;no;no;no
Trainspotting;1996;http://www.icheckmovies.com/movies/trainspotting/;59506;5753;17;509;;http://www.imdb.com/title/tt0117951/;"2014-04-23 23:38:43";no;no;no;no
"Blade Runner";1982;http://www.icheckmovies.com/movies/blade+runner/;55590;5822;26;783;;http://www.imdb.com/title/tt0083658/;"2014-04-23 23:38:30";no;no;no;no
"Black Swan";2010;http://www.icheckmovies.com/movies/black+swan/;67170;5811;10;533;;http://www.imdb.com/title/tt0947798/;"2014-04-23 23:38:29";no;no;no;no
Snatch.;2000;http://www.icheckmovies.com/movies/snatch./;58123;5861;10;381;;http://www.imdb.com/title/tt0208092/;"2014-04-23 23:38:28";no;no;no;no
"No Country for Old Men";2007;http://www.icheckmovies.com/movies/no+country+for+old+men/;65299;6028;19;640;;http://www.imdb.com/title/tt0477348/;"2014-04-23 23:38:22";no;no;no;no
"Toy Story";1995;http://www.icheckmovies.com/movies/toy+story/;110856;6094;22;579;;http://www.imdb.com/title/tt0114709/;"2014-04-23 23:38:21";no;no;no;no
"2001: A Space Odyssey";1968;http://www.icheckmovies.com/movies/2001+a+space+odyssey/;53779;6161;36;902;;http://www.imdb.com/title/tt0062622/;"2014-04-23 23:37:46";no;no;no;no
Gladiator;2000;http://www.icheckmovies.com/movies/gladiator/;90690;6159;20;509;;http://www.imdb.com/title/tt0172495/;"2014-04-23 23:37:44";no;no;no;no
"The Truman Show";1998;http://www.icheckmovies.com/movies/the+truman+show/;82182;6344;9;462;;http://www.imdb.com/title/tt0120382/;"2014-04-23 23:37:44";no;no;no;no
"The Usual Suspects";1995;http://www.icheckmovies.com/movies/the+usual+suspects/;58514;6267;21;553;;http://www.imdb.com/title/tt0114814/;"2014-04-23 23:37:40";no;no;yes;no
"Schindler's List";1993;http://www.icheckmovies.com/movies/schindlers+list/;71294;6360;30;725;;http://www.imdb.com/title/tt0108052/;"2014-04-23 23:37:39";no;no;no;no
Goodfellas;1990;http://www.icheckmovies.com/movies/goodfellas/;59222;6590;27;773;;http://www.imdb.com/title/tt0099685/;"2014-04-23 23:37:34";yes;no;no;no
"American History X";1998;http://www.icheckmovies.com/movies/american+history+x/;68418;6543;11;400;;http://www.imdb.com/title/tt0120586/;"2014-04-23 23:37:33";no;no;no;no
"One Flew Over the Cuckoo's Nest";1975;http://www.icheckmovies.com/movies/one+flew+over+the+cuckoos+nest/;61694;6709;31;746;;http://www.imdb.com/title/tt0073486/;"2014-04-23 23:37:32";no;no;no;no
"Requiem for a Dream";2000;http://www.icheckmovies.com/movies/requiem+for+a+dream/;62808;6673;16;539;;http://www.imdb.com/title/tt0180093/;"2014-04-23 23:37:29";no;no;no;no
"The Departed";2006;http://www.icheckmovies.com/movies/the+departed/;73414;6696;16;544;;http://www.imdb.com/title/tt0407887/;"2014-04-23 23:37:28";no;no;no;no
"El laberinto del fauno";2006;http://www.icheckmovies.com/movies/el+laberinto+del+fauno/;59518;6642;26;608;"Pan's Labyrinth";http://www.imdb.com/title/tt0457430/;"2014-04-23 23:37:27";no;no;no;no
"The Lion King";1994;http://www.icheckmovies.com/movies/the+lion+king/;111477;7168;19;499;;http://www.imdb.com/title/tt0110357/;"2014-04-23 23:37:19";no;no;no;no
"The Prestige";2006;http://www.icheckmovies.com/movies/the+prestige/;71030;7167;12;462;;http://www.imdb.com/title/tt0482571/;"2014-04-23 23:37:18";yes;no;no;no
"The Silence of the Lambs";1991;http://www.icheckmovies.com/movies/the+silence+of+the+lambs/;84694;7327;28;786;;http://www.imdb.com/title/tt0102926/;"2014-04-23 23:37:17";no;no;no;no
"The Shining";1980;http://www.icheckmovies.com/movies/the+shining/;76655;7389;21;809;;http://www.imdb.com/title/tt0081505/;"2014-04-23 23:37:15";no;no;no;no
"Kill Bill: Vol. 1";2003;http://www.icheckmovies.com/movies/kill+bill+vol.+1/;88839;7481;12;585;;http://www.imdb.com/title/tt0266697/;"2014-04-23 23:37:14";no;no;no;no
"Star Wars";1977;http://www.icheckmovies.com/movies/star+wars/;92898;7719;33;830;;http://www.imdb.com/title/tt0076759/;"2014-04-23 23:37:13";no;no;no;no
"Star Wars: Episode V - The Empire Strikes Back";1980;http://www.icheckmovies.com/movies/star+wars+episode+v+-+the+empire+strikes+back/;88895;7725;22;701;;http://www.imdb.com/title/tt0080684/;"2014-04-23 23:37:12";no;no;no;no
"Reservoir Dogs";1992;http://www.icheckmovies.com/movies/reservoir+dogs/;71764;7922;20;695;;http://www.imdb.com/title/tt0105236/;"2014-04-23 23:36:32";no;no;no;no
WALL·E;2008;http://www.icheckmovies.com/movies/walle/;94680;8051;17;542;;http://www.imdb.com/title/tt0910970/;"2014-04-23 23:36:31";no;no;no;no
"Donnie Darko";2001;http://www.icheckmovies.com/movies/donnie+darko/;74028;8237;18;581;;http://www.imdb.com/title/tt0246578/;"2014-04-23 23:36:30";no;no;no;no
"A Clockwork Orange";1971;http://www.icheckmovies.com/movies/a+clockwork+orange/;69825;8277;30;858;;http://www.imdb.com/title/tt0066921/;"2014-04-23 23:36:29";no;no;no;no
"American Beauty";1999;http://www.icheckmovies.com/movies/american+beauty/;81148;8580;23;648;;http://www.imdb.com/title/tt0169547/;"2014-04-23 23:36:28";no;no;no;no
"V for Vendetta";2005;http://www.icheckmovies.com/movies/v+for+vendetta/;86249;8294;8;405;;http://www.imdb.com/title/tt0434409/;"2014-04-23 23:36:28";no;no;no;no
"Back to the Future";1985;http://www.icheckmovies.com/movies/back+to+the+future/;98659;8539;21;650;;http://www.imdb.com/title/tt0088763/;"2014-04-23 23:36:26";no;no;no;no
"The Big Lebowski";1998;http://www.icheckmovies.com/movies/the+big+lebowski/;66912;8507;20;615;;http://www.imdb.com/title/tt0118715/;"2014-04-23 23:36:25";no;no;no;no
"The Lord of the Rings: The Two Towers";2002;http://www.icheckmovies.com/movies/the+lord+of+the+rings+the+two+towers/;104839;8669;19;715;;http://www.imdb.com/title/tt0167261/;"2014-04-23 23:36:23";no;no;no;no
Se7en;1995;http://www.icheckmovies.com/movies/se7en/;84734;8934;22;682;;http://www.imdb.com/title/tt0114369/;"2014-04-23 23:36:23";yes;no;no;no
Memento;2000;http://www.icheckmovies.com/movies/memento/;76156;9066;21;675;;http://www.imdb.com/title/tt0209144/;"2014-04-23 23:36:21";no;no;no;no
"The Lord of the Rings: The Fellowship of the Ring";2001;http://www.icheckmovies.com/movies/the+lord+of+the+rings+the+fellowship+of+the+ring/;109477;10097;23;816;;http://www.imdb.com/title/tt0120737/;"2014-04-23 23:36:18";yes;no;no;no
"The Lord of the Rings: The Return of the King";2003;http://www.icheckmovies.com/movies/the+lord+of+the+rings+the+return+of+the+king/;104782;10207;21;793;;http://www.imdb.com/title/tt0167260/;"2014-04-23 23:36:18";no;no;no;no
"The Godfather";1972;http://www.icheckmovies.com/movies/the+godfather/;76015;10375;35;1004;;http://www.imdb.com/title/tt0068646/;"2014-04-23 23:36:16";yes;no;no;no
"The Matrix";1999;http://www.icheckmovies.com/movies/the+matrix/;108700;10238;21;743;;http://www.imdb.com/title/tt0133093/;"2014-04-23 23:36:16";no;no;no;no
Inception;2010;http://www.icheckmovies.com/movies/inception/;103620;13317;15;775;;http://www.imdb.com/title/tt1375666/;"2014-04-23 23:36:11";no;no;no;no
"The Dark Knight";2008;http://www.icheckmovies.com/movies/the+dark+knight/;113643;13767;18;816;;http://www.imdb.com/title/tt0468569/;"2014-04-23 23:36:09";no;no;no;no
"The Shawshank Redemption";1994;http://www.icheckmovies.com/movies/the+shawshank+redemption/;88163;13719;21;724;;http://www.imdb.com/title/tt0111161/;"2014-04-23 23:36:09";no;no;no;no
"Pulp Fiction";1994;http://www.icheckmovies.com/movies/pulp+fiction/;98829;16232;31;1113;;http://www.imdb.com/title/tt0110912/;"2014-04-23 23:36:06";no;no;no;no
"Fight Club";1999;http://www.icheckmovies.com/movies/fight+club/;103537;17375;14;858;;http://www.imdb.com/title/tt0137523/;"2014-04-23 23:35:54";no;no;no;no
